course_id,course_grade,enrollments
AA-100,A,3
AA-100,B,4
AA-100,B+,2
AA-100,C,1
AA-100,C+,2
AA-100,F,1
AA-100,W,2
AA-101,A,1
AA-101,B,2
AA-101,C,1
AB-480A2,F,1
AB-509,B,1
ACT-205,A,12
ACT-205,A+,6
ACT-205,B,4
ACT-205,B+,3
ACT-205,B-,4
ACT-205,C,5
ACT-205,C+,6
ACT-205,F,1
ACT-205,W,2
ACT-210,A,2
ACT-210,A+,1
ACT-210,B+,2
ACT-210,C,2
ACT-210,W,1
ACT-220,A,3
AGED-110,A,2
AGED-110,NGC,2
AGED-220,A,2
AGED-330,A,1
AGRI-116,A+,2
AGRI-116,B,1
AGRI-116,C,1
AGRI-116,NGC,4
AHS-280A1,A,1
AHS-280A1,B-,1
AHS-280A1,C,1
AHS-487B,A+,1
AM-101,B+,1
AM-110,C,1
AM-110,NGC,1
AM-130,A,1
AM-130,A+,2
AM-130,B,2
AM-130,B-,1
AM-130,F,1
AM-143,B-,1
AM-143,NGC,1
AM-220,C,1
AM-220,NGC,1
AM-250,A,1
AM-250,A-,2
AM-250,B,1
AM-250,B+,1
AM-250,F,1
AM-364,D,1
AMST-100,A,2
AMST-100,A+,4
AMST-100,A-,4
AMST-100,B,1
AMST-100,B-,2
AMST-100,C+,2
AMST-100,D,2
AMST-101,A,14
AMST-101,A+,6
AMST-101,A-,6
AMST-101,B,12
AMST-101,B+,6
AMST-101,B-,3
AMST-101,C,3
AMST-101,C+,1
ANEQ-101,A,2
ANEQ-101,A+,4
ANEQ-101,A-,1
ANEQ-101,B+,1
ANEQ-101,C,2
ANEQ-101,C+,1
ANEQ-101,F,1
ANEQ-101,NGC,13
ANEQ-101,W,6
ANEQ-102,A,5
ANEQ-102,B,3
ANEQ-102,F,1
ANEQ-102,NGC,9
ANEQ-105,A,6
ANEQ-105,A+,3
ANEQ-105,B,1
ANEQ-105,B+,1
ANEQ-105,F,1
ANEQ-105,W,1
ANEQ-115,A,1
ANEQ-115,A+,3
ANEQ-115,B,1
ANEQ-115,NGC,5
ANEQ-180A2,C,1
ANEQ-193,A,8
ANEQ-193,B,2
ANEQ-193,C,2
ANEQ-193,D,1
ANEQ-201B,A,1
ANEQ-201B,RF,1
ANEQ-250,A,1
ANEQ-250,B,1
ANEQ-250,NGC,2
ANEQ-292,A,1
ANEQ-292,A+,2
ANEQ-293,A,2
ANEQ-300A,A+,1
ANEQ-300A,F,1
ANEQ-305,A,4
ANEQ-305,B,1
ANEQ-305,RC,1
ANEQ-305,W,1
ANEQ-310,A,2
ANEQ-320,A,9
ANEQ-320,B,3
ANEQ-320,C,2
ANEQ-320,NGC,18
ANEQ-320,RD,1
ANEQ-328,A,3
ANEQ-328,B,1
ANEQ-334,A,1
ANEQ-344,B+,1
ANEQ-345,W,1
ANEQ-346,C,1
ANEQ-346,NGC,1
ANEQ-351,A-,1
ANEQ-351,NGC,1
ANEQ-360,A,3
ANEQ-365,A+,1
ANEQ-365,NGC,1
ANEQ-384,S,2
ANEQ-440,A,1
ANEQ-486,S,1
ANEQ-487B,S,1
ANEQ-522,A,1
ANTH-100,A,6
ANTH-100,B,9
ANTH-100,C,2
ANTH-100,D,2
ANTH-100,W,1
ANTH-120,A,4
ANTH-120,A+,2
ANTH-120,B,8
ANTH-120,C,4
ANTH-120,D,1
ANTH-120,F,1
ANTH-120,RF,2
ANTH-120,W,1
ANTH-121,A,3
ANTH-121,B,2
ANTH-140,A,30
ANTH-140,A+,3
ANTH-140,A-,2
ANTH-140,B,20
ANTH-140,B+,3
ANTH-140,B-,4
ANTH-140,C,4
ANTH-140,C+,1
ANTH-140,F,1
ANTH-140,W,3
ANTH-200,A,20
ANTH-200,A+,2
ANTH-200,A-,5
ANTH-200,B,6
ANTH-200,B+,2
ANTH-200,B-,1
ANTH-200,C,1
ANTH-200,D,2
ANTH-200,F,1
ANTH-200,RD,1
ANTH-200,W,2
ANTH-200,XF,1
ANTH-240,A,2
ANTH-261,W,1
ANTH-274,A,3
ANTH-274,C,1
ANTH-275,A,2
ANTH-275,W,1
ANTH-356,A,1
ANTH-372,A,1
ANTH-372,NGC,2
ANTH-379,A,3
ANTH-379,C,1
AREC-202,A,4
AREC-202,A+,3
AREC-202,A-,1
AREC-202,B,1
AREC-202,B+,2
AREC-202,B-,2
AREC-202,C,9
AREC-202,C+,1
AREC-202,D,1
AREC-202,W,2
AREC-222,A,1
AREC-222,B+,1
AREC-222,C+,1
AREC-240,A,1
AREC-240,B+,1
AREC-342,A,3
AREC-342,A+,1
AREC-375,A+,1
ART-100,A,59
ART-100,A+,81
ART-100,A-,44
ART-100,B,18
ART-100,B+,21
ART-100,B-,19
ART-100,C,13
ART-100,C+,8
ART-100,D,4
ART-100,F,7
ART-100,RF,1
ART-100,W,4
ART-100,XF,1
ART-105,A+,1
ART-105,A-,1
ART-110,B+,1
ART-111,B-,1
ART-120,B+,1
ART-135,A,1
ART-135,A-,1
ART-135,B,1
ART-160,C+,1
ART-170,B,1
ART-200,A+,1
ART-200,A-,2
ART-236,A-,1
ART-240,A,1
ART-275J,A,1
ART-275J,A-,1
ART-340,B+,1
AS-101,A,7
AS-101,A+,4
AS-101,W,1
AS-102,A,6
AS-102,A+,2
AS-196A,S,11
AS-196A,W,1
AS-196B,S,8
AS-201,A,5
AS-201,A+,1
AS-201,W,1
AS-202,A+,2
AS-296A,S,6
AS-296A,W,1
AS-296B,S,2
AS-301,A,1
AS-301,A+,1
AS-302,A+,1
AS-396A,S,2
AS-396B,S,1
AS-401,A,1
AS-496A,S,1
ATS-150,A,2
ATS-150,A+,2
ATS-150,A-,2
ATS-150,B,1
ATS-150,B+,4
ATS-150,B-,1
ATS-350,A,1
ATS-350,A+,1
ATS-350,B,2
ATS-350,B+,1
ATS-350,C,1
ATS-351,B,1
BC-192,A,7
BC-192,A+,12
BC-192,B,1
BC-192,B+,1
BC-192,C+,2
BC-192,NGC,23
BC-295,A+,1
BC-351,A,86
BC-351,A+,58
BC-351,A-,21
BC-351,B,69
BC-351,B+,55
BC-351,B-,15
BC-351,C,27
BC-351,C+,17
BC-351,D,4
BC-351,F,2
BC-351,RC+,1
BC-351,RD,1
BC-351,W,5
BC-401,A,17
BC-401,A+,7
BC-401,B,5
BC-401,B+,5
BC-401,C,1
BC-401,RF,1
BC-401,W,1
BC-401,XA,1
BC-403,A,7
BC-403,B,2
BC-403,B+,6
BC-403,D,1
BC-403,W,1
BC-403,XF,1
BC-404,A,10
BC-404,A+,2
BC-404,A-,3
BC-404,B,1
BC-404,B+,1
BC-404,F,1
BC-404,W,1
BC-405,A,1
BC-411,A,1
BC-411,NGC,1
BC-463,A,2
BC-465,A,3
BC-465,A-,4
BC-465,B,3
BC-465,B+,3
BC-465,B-,1
BC-465,F,1
BC-465,W,2
BC-475,B+,1
BC-475,NGC,1
BC-484,A,9
BC-484,A+,14
BC-484,A-,2
BC-484,I,1
BC-496,A,2
BC-496,A+,3
BC-496,A-,1
BC-498,A,3
BC-566,A,1
BIOM-100,A,9
BIOM-100,A-,5
BIOM-100,B,1
BIOM-100,B+,1
BIOM-100,B-,1
BIOM-100,C+,1
BIOM-100,D,1
BIOM-100,W,1
BIOM-109,A,4
BIOM-109,A-,1
BIOM-109,B+,1
BIOM-200,A,2
BIOM-200,B+,3
BIOM-200,C,1
BIOM-300,NGC,6
BIOM-304,B-,1
BIOM-350A,A+,2
BIOM-350B,A,1
BIOM-350C,A,1
BIOM-350C,A+,1
BMS-200,A,300
BMS-200,B,23
BMS-200,C,16
BMS-200,D,2
BMS-200,F,6
BMS-200,W,21
BMS-200,XC,1
BMS-260,A,76
BMS-260,A+,13
BMS-260,A-,17
BMS-260,B,83
BMS-260,B+,14
BMS-260,B-,15
BMS-260,C,36
BMS-260,C+,4
BMS-260,D,5
BMS-260,NGC,378
BMS-260,W,12
BMS-296,A,69
BMS-300,A,345
BMS-300,A+,119
BMS-300,A-,1
BMS-300,B,259
BMS-300,B+,2
BMS-300,B-,2
BMS-300,C,182
BMS-300,C+,1
BMS-300,D,65
BMS-300,F,46
BMS-300,I,1
BMS-300,RC,2
BMS-300,RD,18
BMS-300,RF,30
BMS-300,W,72
BMS-300,XC,1
BMS-301,A,93
BMS-301,B,101
BMS-301,C,56
BMS-301,D,34
BMS-301,F,17
BMS-301,NGC,740
BMS-301,RC,2
BMS-301,RD,5
BMS-301,RF,1
BMS-301,W,87
BMS-302,A,267
BMS-302,A+,18
BMS-302,A-,25
BMS-302,B,184
BMS-302,B+,41
BMS-302,B-,25
BMS-302,C,83
BMS-302,C+,16
BMS-302,D,11
BMS-302,F,1
BMS-302,NGC,863
BMS-302,W,6
BMS-304,A,9
BMS-304,B,3
BMS-304,C,1
BMS-304,NGC,26
BMS-305,A,9
BMS-305,B,7
BMS-305,C,3
BMS-305,C+,1
BMS-305,D,1
BMS-305,F,3
BMS-305,NGC,56
BMS-305,W,14
BMS-320,A,1
BMS-320,A-,2
BMS-320,B,3
BMS-320,C+,1
BMS-320,D,1
BMS-320,W,1
BMS-325,A,44
BMS-325,B,35
BMS-325,C,18
BMS-325,D,4
BMS-325,F,2
BMS-325,RF,1
BMS-325,W,3
BMS-330,A,3
BMS-330,B,2
BMS-330,C,2
BMS-330,D,1
BMS-330,NGC,8
BMS-330,W,2
BMS-345,A,14
BMS-345,B,22
BMS-345,C,16
BMS-345,D,15
BMS-345,F,4
BMS-345,NGC,126
BMS-345,RD,1
BMS-345,RF,3
BMS-345,W,16
BMS-384,A,69
BMS-384,A+,13
BMS-384,B,1
BMS-400,A,6
BMS-400,W,2
BMS-401,A,9
BMS-401,B,1
BMS-401,NGC,16
BMS-405,A,3
BMS-405,A+,2
BMS-405,B+,2
BMS-409,A,8
BMS-409,B,8
BMS-409,C,6
BMS-409,F,2
BMS-409,W,1
BMS-420,A,45
BMS-420,A+,2
BMS-420,A-,7
BMS-420,B,11
BMS-420,B+,14
BMS-420,B-,6
BMS-420,C,9
BMS-420,C+,7
BMS-420,D,2
BMS-420,F,1
BMS-421,A,62
BMS-421,B,3
BMS-421,NGC,65
BMS-425,A,1
BMS-425,W,1
BMS-430,A,31
BMS-430,B,12
BMS-430,B+,1
BMS-430,C,2
BMS-430,D,1
BMS-430,F,3
BMS-450,A,36
BMS-450,B,7
BMS-450,C,1
BMS-450,RC,1
BMS-450,W,2
BMS-460,A,30
BMS-460,B,20
BMS-460,B+,1
BMS-460,C,4
BMS-460,C+,1
BMS-461,A,43
BMS-487,I,1
BMS-495,A,3
BMS-496A,A,28
BMS-496B,A,3
BMS-496B,A+,8
BMS-496C,A,42
BMS-496D,A,1
BMS-496D,A+,1
BMS-498,A,5
BMS-498,A-,2
BMS-498,S,1
BMS-500,A,2
BMS-500,B,3
BMS-500,D,1
BMS-501,A,1
BMS-521,B,1
BMS-531,A,3
BMS-545,A,2
BMS-545,NGC,6
BMS-575,A,17
BMS-575,B,4
BSPM-102,A,10
BSPM-102,B,7
BSPM-102,B+,2
BSPM-102,B-,1
BSPM-102,C,1
BSPM-102,D,2
BSPM-102,W,1
BSPM-302,A,1
BSPM-302,B,1
BSPM-302,B-,1
BSPM-302,F,1
BSPM-303A,B,1
BSPM-361,A,1
BSPM-361,C+,1
BSPM-361,NGC,2
BSPM-365,D,1
BSPM-365,NGC,1
BUS-100,A,7
BUS-100,B,3
BUS-100,B+,1
BUS-100,C,2
BUS-100,D,1
BUS-105,A,5
BUS-105,A+,1
BUS-105,A-,1
BUS-105,B,1
BUS-105,C,1
BUS-150,A,6
BUS-150,A+,6
BUS-150,A-,2
BUS-150,B-,2
BUS-150,C,2
BUS-150,C+,1
BUS-150,D,1
BUS-150,F,1
BUS-150,W,1
BUS-201,A,6
BUS-201,B,1
BUS-201,C,1
BUS-205,A,18
BUS-205,B,6
BUS-210,A,1
BUS-210,NGC,2
BUS-220,A,20
BUS-220,A+,10
BUS-220,A-,9
BUS-220,B,1
BUS-220,B+,7
BUS-220,B-,2
BUS-220,C,2
BUS-220,C+,2
BUS-220,D,4
BUS-220,NGC,43
BUS-225,A,1
BUS-225,NGC,1
BUS-250,A,1
BUS-250,A-,5
BUS-260,A,1
BUS-260,B,2
BUS-269,A-,1
BUS-300,A+,1
BUS-300,B,1
BUS-300,D,1
BUS-361,A+,1
BUS-380A5,A+,1
BUS-405A,A,2
BUS-479,B-,1
BZ-101,A,3
BZ-101,A-,1
BZ-101,B,4
BZ-101,C,4
BZ-101,C+,2
BZ-104,B,2
BZ-104,B+,3
BZ-110,A,7
BZ-110,A+,1
BZ-110,A-,6
BZ-110,B,6
BZ-110,B+,5
BZ-110,B-,6
BZ-110,C,10
BZ-110,C+,5
BZ-110,D,2
BZ-110,F,4
BZ-110,RD,1
BZ-110,RF,1
BZ-110,XF,2
BZ-111,A,14
BZ-111,A+,1
BZ-111,A-,3
BZ-111,B,8
BZ-111,B+,2
BZ-111,C,10
BZ-111,C+,4
BZ-111,F,1
BZ-111,RF,1
BZ-111,W,1
BZ-111,XC,1
BZ-120,A,4
BZ-120,A+,1
BZ-120,B,2
BZ-120,B+,1
BZ-120,B-,1
BZ-120,NGC,11
BZ-120,W,2
BZ-182A,A+,3
BZ-192,A,2
BZ-192,A+,6
BZ-192,B,1
BZ-192,B-,1
BZ-192,W,1
BZ-212,A,2
BZ-212,A+,1
BZ-212,A-,2
BZ-212,B,1
BZ-212,B-,1
BZ-212,C+,1
BZ-212,NGC,8
BZ-214,A,1
BZ-214,B,3
BZ-214,NGC,8
BZ-214,W,2
BZ-220,A,11
BZ-220,A+,4
BZ-220,A-,1
BZ-220,B,6
BZ-220,B+,2
BZ-220,B-,1
BZ-220,C,7
BZ-220,C+,1
BZ-220,D,4
BZ-220,F,1
BZ-220,RF,1
BZ-220,W,1
BZ-223,A,1
BZ-223,C,1
BZ-240,C,1
BZ-300,D,1
BZ-300,F,1
BZ-300,W,1
BZ-310,A,4
BZ-310,A+,1
BZ-310,B+,1
BZ-310,B-,2
BZ-310,NGC,10
BZ-310,W,2
BZ-311,A,1
BZ-311,NGC,1
BZ-329,NGC,4
BZ-333,B+,1
BZ-333,NGC,1
BZ-350,A,9
BZ-350,A+,3
BZ-350,B,3
BZ-350,B+,1
BZ-350,B-,3
BZ-350,C,5
BZ-350,C+,3
BZ-350,D,1
BZ-350,NGC,37
BZ-350,W,1
BZ-360,A,5
BZ-360,B,1
BZ-360,B+,1
BZ-360,NGC,7
BZ-384,A,1
BZ-384,A+,3
BZ-415,NGC,1
BZ-418,A,1
BZ-420,A+,1
BZ-435A,A,2
BZ-450,B,1
BZ-450,NGC,1
BZ-475,A,1
BZ-480A4,A,2
BZ-480A4,A+,1
BZ-480A4,NGC,4
BZ-498,A,1
BZ-498,W,1
BZ-541,A,1
CBE-101,B,1
CBE-101,C,1
CBE-101,NGC,3
CBE-101,RD,1
CBE-101A,A,1
CBE-101A,A-,1
CBE-101A,B,1
CBE-101A,B+,1
CBE-101A,C,2
CBE-101A,D,1
CBE-101A,F,1
CBE-101B,A,3
CBE-101B,A-,2
CBE-101B,B,2
CBE-101B,C+,1
CBE-160,A,1
CBE-160,A-,1
CBE-160,B,1
CBE-160,B+,1
CBE-160,B-,1
CBE-160,C,1
CBE-160,C+,3
CBE-160,D,2
CBE-201,B-,1
CBE-201,C,1
CBE-205,C,2
CBE-210,W,2
CBE-393,A+,1
CBE-393,B+,1
CHEM-103,B,3
CHEM-103,C,3
CHEM-103,D,1
CHEM-103,W,1
CHEM-104,A-,1
CHEM-104,D,1
CHEM-104,W,1
CHEM-105,A,13
CHEM-105,B,9
CHEM-105,C,2
CHEM-105,D,1
CHEM-105,NGC,14
CHEM-105,W,1
CHEM-107,A,12
CHEM-107,A+,5
CHEM-107,A-,13
CHEM-107,B,24
CHEM-107,B+,14
CHEM-107,B-,19
CHEM-107,C,44
CHEM-107,C+,22
CHEM-107,D,19
CHEM-107,F,7
CHEM-107,RF,5
CHEM-107,W,12
CHEM-108,A,64
CHEM-108,A+,1
CHEM-108,A-,24
CHEM-108,B,24
CHEM-108,B+,28
CHEM-108,B-,11
CHEM-108,C,7
CHEM-108,C+,8
CHEM-108,D,3
CHEM-108,F,4
CHEM-108,W,7
CHEM-111,A,285
CHEM-111,A+,152
CHEM-111,A-,159
CHEM-111,B,166
CHEM-111,B+,123
CHEM-111,B-,96
CHEM-111,C,172
CHEM-111,C+,95
CHEM-111,D,78
CHEM-111,F,34
CHEM-111,NGC,1572
CHEM-111,RC+,1
CHEM-111,RD,18
CHEM-111,RF,13
CHEM-111,S,1
CHEM-111,W,120
CHEM-111,XF,4
CHEM-111,XU,1
CHEM-112,A,728
CHEM-112,A+,8
CHEM-112,A-,252
CHEM-112,B,107
CHEM-112,B+,125
CHEM-112,B-,36
CHEM-112,C,27
CHEM-112,C+,18
CHEM-112,D,9
CHEM-112,F,6
CHEM-112,RC,1
CHEM-112,RF,3
CHEM-112,W,26
CHEM-112,XD,1
CHEM-112,XF,2
CHEM-112,XU,1
CHEM-113,A,141
CHEM-113,A+,92
CHEM-113,A-,152
CHEM-113,B,139
CHEM-113,B+,87
CHEM-113,B-,136
CHEM-113,C,184
CHEM-113,C+,69
CHEM-113,D,74
CHEM-113,F,35
CHEM-113,I,1
CHEM-113,RC,1
CHEM-113,RC+,1
CHEM-113,RD,17
CHEM-113,RF,14
CHEM-113,W,53
CHEM-113,XD,1
CHEM-113,XF,1
CHEM-114,A,592
CHEM-114,A+,10
CHEM-114,A-,178
CHEM-114,B,92
CHEM-114,B+,124
CHEM-114,B-,29
CHEM-114,C,17
CHEM-114,C+,23
CHEM-114,D,7
CHEM-114,F,4
CHEM-114,W,40
CHEM-114,XF,1
CHEM-115,A,9
CHEM-115,A+,15
CHEM-115,A-,5
CHEM-115,B,1
CHEM-115,C,3
CHEM-115,C+,1
CHEM-115,D,1
CHEM-115,F,1
CHEM-115,W,2
CHEM-120,A,1
CHEM-120,A-,1
CHEM-120,NGC,2
CHEM-121,A,1
CHEM-121,A-,1
CHEM-192,A,3
CHEM-231,A,1
CHEM-231,A+,1
CHEM-231,B+,1
CHEM-232,B,1
CHEM-241,A,2
CHEM-241,NGC,2
CHEM-242,A,2
CHEM-245,A,79
CHEM-245,A-,34
CHEM-245,B,47
CHEM-245,B+,38
CHEM-245,B-,32
CHEM-245,C,45
CHEM-245,C+,19
CHEM-245,D,24
CHEM-245,F,7
CHEM-245,W,9
CHEM-246,A,92
CHEM-246,A+,30
CHEM-246,A-,82
CHEM-246,B,27
CHEM-246,B+,41
CHEM-246,B-,15
CHEM-246,C,8
CHEM-246,C+,9
CHEM-246,D,1
CHEM-246,F,1
CHEM-246,W,1
CHEM-263,A,2
CHEM-263,B,1
CHEM-263,C,1
CHEM-263,NGC,8
CHEM-264,A,1
CHEM-264,B-,1
CHEM-264,C,1
CHEM-311,B+,1
CHEM-311,W,1
CHEM-320,A,6
CHEM-320,A+,8
CHEM-320,A-,7
CHEM-320,B+,2
CHEM-320,C,1
CHEM-333,A,4
CHEM-333,A+,7
CHEM-338,A-,2
CHEM-338,B,1
CHEM-338,B-,1
CHEM-341,A,191
CHEM-341,A+,43
CHEM-341,A-,18
CHEM-341,B,110
CHEM-341,B+,27
CHEM-341,B-,18
CHEM-341,C,77
CHEM-341,C+,39
CHEM-341,D,17
CHEM-341,F,8
CHEM-341,RC,4
CHEM-341,RD,8
CHEM-341,RF,7
CHEM-341,U,1
CHEM-341,W,42
CHEM-341,XF,2
CHEM-343,A,112
CHEM-343,A+,40
CHEM-343,A-,25
CHEM-343,B,87
CHEM-343,B+,7
CHEM-343,B-,6
CHEM-343,C,59
CHEM-343,C+,17
CHEM-343,D,20
CHEM-343,F,6
CHEM-343,RD,3
CHEM-343,RF,6
CHEM-343,S,1
CHEM-343,W,50
CHEM-344,A,137
CHEM-344,A+,46
CHEM-344,A-,95
CHEM-344,B,17
CHEM-344,B+,36
CHEM-344,B-,4
CHEM-344,C,2
CHEM-344,C+,4
CHEM-344,D,2
CHEM-344,I,1
CHEM-344,W,2
CHEM-384,A,20
CHEM-434,A,2
CHEM-440,A-,1
CHEM-440,B,1
CHEM-445,A,1
CHEM-445,B-,1
CHEM-445,W,1
CHEM-448,A,2
CHEM-448,A+,1
CHEM-448,B,1
CIS-200,A,6
CIS-200,A-,3
CIS-200,B,2
CIS-200,B+,1
CIS-200,B-,1
CIS-200,C,2
CIS-200,D,2
CIS-200,RD,1
CIS-200,RF,1
CIS-240,C,1
CIS-310,B+,1
CIS-320,B+,1
CIS-340,B-,1
CIS-370,A-,1
CIS-411,B+,1
CIS-575,W,1
CIVE-102,A,1
CIVE-102,A+,1
CIVE-102,NGC,2
CIVE-103,B+,1
CIVE-103,NGC,1
CIVE-260,B-,1
CIVE-260,C,1
CIVE-260,D,1
CIVE-261,A+,1
CIVE-261,F,1
CIVE-261,W,1
CIVE-360,A+,1
CO-130,A,10
CO-130,A+,2
CO-130,A-,8
CO-130,B,1
CO-130,B+,3
CO-130,B-,6
CO-130,C,5
CO-130,C+,1
CO-130,W,1
CO-150,A,280
CO-150,A+,158
CO-150,A-,132
CO-150,B,99
CO-150,B+,78
CO-150,B-,43
CO-150,C,38
CO-150,C+,27
CO-150,D,10
CO-150,F,13
CO-150,RF,10
CO-150,S,1
CO-150,W,18
CO-150,XB,1
CO-150,XC+,1
CO-300,A,46
CO-300,A+,45
CO-300,A-,21
CO-300,B,14
CO-300,B+,9
CO-300,B-,7
CO-300,C,4
CO-300,C+,2
CO-300,D,2
CO-300,F,3
CO-300,RF,1
CO-300,W,5
CO-301A,A,2
CO-301A,A-,2
CO-301A,B+,1
CO-301B,A,276
CO-301B,A+,70
CO-301B,A-,84
CO-301B,B,79
CO-301B,B+,49
CO-301B,B-,34
CO-301B,C,19
CO-301B,C+,16
CO-301B,D,6
CO-301B,F,12
CO-301B,RF,2
CO-301B,W,24
CO-301B,XB,1
CO-301B,XU,1
CO-302,B,1
CON-101,A,1
CON-101,B,1
CON-131,A,1
CON-151,B,2
CON-192,A,1
CON-251,A+,1
CON-251,NGC,1
CON-253,A+,1
CON-253,NGC,1
CON-265,A,1
CON-265,NGC,1
CON-317,A,1
CON-353,A,1
CON-353,NGC,2
CON-358,B,1
CON-366,B,1
CON-366,NGC,1
CS-110,A,16
CS-110,A-,1
CS-110,B,6
CS-110,B+,3
CS-110,B-,1
CS-110,C,3
CS-110,D,1
CS-110,F,2
CS-110,NGC,37
CS-110,W,4
CS-150B,A,35
CS-150B,A+,1
CS-150B,B,12
CS-150B,C,2
CS-150B,F,3
CS-150B,NGC,50
CS-150B,W,6
CS-152,A,3
CS-152,B,2
CS-152,C,1
CS-152,NGC,6
CS-162,B,3
CS-162,B+,1
CS-162,C,1
CS-162,NGC,5
CS-163,A,1
CS-163,B,1
CS-163,NGC,1
CS-163,W,2
CS-164,A,4
CS-164,B,4
CS-164,C,1
CS-164,F,1
CS-164,NGC,13
CS-164,XF,1
CS-165,A,1
CS-165,A+,1
CS-165,B,1
CS-165,C,2
CS-165,C+,1
CS-165,NGC,5
CS-192,A,1
CS-192,C,1
CS-192,F,1
CS-201,A+,1
CS-201,A-,1
CS-201,C,1
CS-201,C+,1
CS-214,B-,1
CS-214,C,1
CS-214,NGC,2
CS-214,W,2
CS-220,A,3
CS-220,B,1
CS-220,B+,1
CS-220,C,2
CS-220,NGC,8
CS-220,RF,1
CS-250,A,1
CS-312,A,1
CS-312,NGC,1
CS-314,A,1
CS-320,C+,1
CS-345,A,1
CS-345,A+,1
CS-356,B,2
CS-425,NGC,1
CS-435,C,1
CS-435,NGC,1
CS-480A8,NGC,1
CT-301,W,2
D-110,A,8
D-110,A+,20
D-110,B+,2
D-110,B-,1
D-110,C,4
D-120A,A,1
D-120B,A+,1
D-220A,A+,1
DM-182A,A+,1
DM-192A,A,1
DM-192B,C,1
DM-192B,D,1
DM-272,B,1
DSCI-235,A,1
DSCI-235,NGC,1
DSCI-320,B,1
DSCI-320,D,1
DSCI-320,W,1
DSCI-335,A,1
DSCI-335,A+,1
DSCI-336,A,1
DSCI-369,A+,1
DSCI-369,A-,1
DSCI-369,NGC,2
DSCI-445,D,1
DSCI-478,A,1
E-140,A,7
E-140,A+,2
E-140,A-,3
E-140,B,2
E-140,C+,1
E-140,F,1
E-142,A,3
E-142,A-,2
E-142,B+,2
E-142,B-,2
E-142,C,1
E-142,D,1
E-150,D,1
E-202,A+,1
E-204,A,1
E-206,A,1
E-210,A,3
E-210,A+,5
E-210,A-,3
E-210,B+,1
E-210,B-,1
E-210,C,1
E-232,A,12
E-232,A-,1
E-232,B,1
E-232,B-,2
E-232,C,2
E-232,F,1
E-236,A,12
E-236,A+,8
E-236,A-,4
E-236,B,1
E-236,B+,2
E-236,B-,3
E-236,C,1
E-237,A+,1
E-237,C+,1
E-237,F,1
E-238,A,2
E-238,A+,2
E-238,A-,4
E-238,B,1
E-238,B-,1
E-238,C,1
E-238,C+,1
E-238,W,1
E-240,A+,1
E-240,A-,1
E-242,A,1
E-242,A+,2
E-245,A,6
E-245,A-,1
E-245,B+,1
E-245,C,1
E-245,D,1
E-245,W,1
E-270,A+,1
E-270,A-,1
E-270,B,1
E-270,B-,2
E-270,C,2
E-276,A,2
E-276,A-,1
E-276,B+,1
E-276,B-,1
E-276,C,2
E-277,C,1
E-277,W,1
E-311A,A,1
E-311A,A+,1
E-311A,A-,1
E-311A,NGC,3
E-311B,A+,1
E-311B,A-,1
E-311B,NGC,3
E-328,W,1
E-333,A+,1
E-352,A+,1
E-412A,A,1
E-412A,NGC,1
EAP-102,A-,1
ECE-102,C,1
ECE-102,D,1
ECE-102,NGC,2
ECE-204,A,1
ECE-204,F,1
ECON-101,A,2
ECON-101,A+,5
ECON-101,A-,1
ECON-101,B,1
ECON-101,B+,1
ECON-101,B-,1
ECON-202,A,9
ECON-202,A+,7
ECON-202,A-,11
ECON-202,B,13
ECON-202,B+,11
ECON-202,B-,16
ECON-202,C,10
ECON-202,C+,8
ECON-202,D,9
ECON-202,F,3
ECON-202,NGC,114
ECON-202,RF,3
ECON-202,W,11
ECON-204,A+,1
ECON-204,A-,3
ECON-204,B-,1
ECON-204,C,2
ECON-204,C+,1
ECON-204,NGC,11
ECON-204,W,6
ECON-211,A,14
ECON-211,A+,9
ECON-211,A-,15
ECON-211,B,10
ECON-211,B+,5
ECON-211,B-,6
ECON-211,C,6
ECON-211,C+,2
ECON-211,D,3
ECON-211,F,2
ECON-211,RD,1
ECON-211,RF,1
ECON-212,A,3
ECON-212,A-,4
ECON-212,B,3
ECON-212,B+,4
ECON-212,B-,3
ECON-212,C,1
ECON-212,C+,1
ECON-235,A+,1
ECON-240,A,1
ECON-240,B,2
ECON-240,B-,1
ECON-240,C+,1
EDUC-275,A,3
EDUC-275,A+,5
ENGR-101,A,1
ENGR-101,B+,1
ENGR-120,A,1
ENGR-180A2,A,5
ENGR-180A2,A+,6
ENGR-180A2,W,1
ENGR-533,A,1
ERHS-210,XB,1
ERHS-220,A,32
ERHS-220,A+,43
ERHS-220,A-,9
ERHS-220,B,5
ERHS-220,B+,7
ERHS-220,C,1
ERHS-220,F,2
ERHS-220,I,2
ERHS-220,RF,1
ERHS-230,A,17
ERHS-230,B,7
ERHS-320,A,7
ERHS-320,A+,1
ERHS-320,A-,16
ERHS-320,B+,4
ERHS-320,B-,1
ERHS-320,C,1
ERHS-320,I,1
ERHS-332,A,8
ERHS-332,B,6
ERHS-332,C,1
ERHS-332,XF,1
ERHS-340,A,8
ERHS-340,B,7
ERHS-340,C,3
ERHS-350,A,16
ERHS-380A1,A,1
ERHS-410,A+,1
ERHS-410,A-,1
ERHS-410,B+,3
ERHS-430,A,11
ERHS-430,B,10
ERHS-430,C,2
ERHS-430,NGC,23
ERHS-446,A,12
ERHS-446,A-,3
ERHS-446,B+,1
ERHS-446,B-,1
ERHS-446,I,1
ERHS-448,A,12
ERHS-450,A,3
ERHS-450,A+,1
ERHS-450,A-,2
ERHS-450,B+,3
ERHS-450,B-,1
ERHS-479,A,20
ERHS-479,B,4
ERHS-479,F,1
ERHS-479,I,1
ERHS-482A,A+,6
ERHS-484,S,1
ERHS-487,A,6
ERHS-487,I,1
ERHS-487,S,2
ERHS-498,A,2
ERHS-501,A,1
ERHS-566,NGC,1
ESS-120,A+,4
ESS-120,B+,1
ESS-120,F,1
ESS-129,A+,1
ESS-129,B,3
ESS-129,B+,1
ESS-129,C+,1
ESS-129,W,1
ESS-130,A+,2
ESS-130,A-,2
ESS-130,W,1
ESS-210,C,1
ETST-100,A,24
ETST-100,A+,12
ETST-100,A-,11
ETST-100,B,7
ETST-100,B+,4
ETST-100,B-,5
ETST-100,C,7
ETST-100,C+,3
ETST-100,D,1
ETST-100,F,3
ETST-100,RF,1
ETST-100,W,1
ETST-110,S,4
ETST-120,S,3
ETST-201,B+,1
ETST-205,A,8
ETST-205,A+,1
ETST-205,B,6
ETST-205,B+,2
ETST-205,C,3
ETST-205,C+,1
ETST-205,D,1
ETST-240,A,3
ETST-240,A+,2
ETST-240,B,1
ETST-240,B-,1
ETST-240,W,1
ETST-242,W,1
ETST-250,A,1
ETST-250,A+,3
ETST-250,A-,1
ETST-250,B,1
ETST-250,C,4
ETST-250,D,2
ETST-250,W,1
ETST-252,A,4
ETST-252,A-,4
ETST-252,B+,1
ETST-252,B-,1
ETST-253,A,1
ETST-253,A+,4
ETST-253,B+,1
ETST-253,W,1
ETST-255,A+,2
ETST-255,B,1
ETST-257,A,1
ETST-260,A+,1
ETST-260,A-,1
ETST-265,A,1
ETST-265,NGC,1
ETST-270,A-,1
ETST-277,A,1
ETST-277,B+,1
ETST-277,W,1
ETST-305,A,1
ETST-305,A+,1
ETST-354,A,1
ETST-420,A,1
ETST-420,A+,1
ETST-430,A+,1
ETST-444,A+,1
F-101,A,1
F-101,A+,1
F-209,A,1
F-313,C,1
F-313,NGC,1
FACS-320,A,3
FACS-320,A+,3
FACS-320,A-,1
FACS-320,B,2
FACS-320,B+,1
FACS-320,B-,2
FACS-320,C,1
FIN-200,A,26
FIN-200,B,10
FIN-200,C,7
FIN-200,D,2
FIN-200,W,1
FIN-300,A+,1
FIN-300,C+,1
FIN-305,A,11
FIN-305,B,3
FIN-305,C,1
FIN-305,W,1
FIN-310,C,1
FSHN-115,A,17
FSHN-115,B,3
FSHN-115,C,1
FSHN-115,F,2
FSHN-115,NGC,30
FSHN-125,A,11
FSHN-125,A+,5
FSHN-125,A-,1
FSHN-125,B,6
FSHN-125,B+,1
FSHN-125,C,3
FSHN-125,C+,1
FSHN-125,XF,1
FSHN-150,A,340
FSHN-150,A+,128
FSHN-150,A-,149
FSHN-150,B,121
FSHN-150,B+,80
FSHN-150,B-,35
FSHN-150,C,39
FSHN-150,C+,24
FSHN-150,D,5
FSHN-150,F,5
FSHN-150,RC,3
FSHN-150,RD,7
FSHN-150,RF,1
FSHN-150,U,1
FSHN-150,W,8
FSHN-150,XC,1
FSHN-150,XF,1
FSHN-180A2,A,6
FSHN-180A2,NGC,6
FSHN-192,A,3
FSHN-192,W,1
FSHN-220,A,15
FSHN-220,A+,1
FSHN-220,A-,12
FSHN-220,B,6
FSHN-220,B+,10
FSHN-220,B-,4
FSHN-220,C,3
FSHN-292,A+,2
FSHN-300,A,3
FSHN-300,A-,1
FSHN-301,A,1
FSHN-340,A,13
FSHN-340,A+,3
FSHN-340,B,1
FSHN-340,C,2
FSHN-342A,A+,3
FSHN-350,A,46
FSHN-350,A+,12
FSHN-350,A-,14
FSHN-350,B,10
FSHN-350,B+,10
FSHN-350,B-,7
FSHN-350,C,6
FSHN-350,C+,5
FSHN-350,D,2
FSHN-350,F,1
FSHN-350,I,1
FSHN-350,RD,1
FSHN-350,RF,2
FSHN-350,W,4
FSHN-360,A,1
FSHN-382A,A+,2
FSHN-428,A,3
FSHN-428,A+,2
FSHN-435,A,1
FSHN-435,A+,1
FSHN-444,A,31
FSHN-444,B,4
FSHN-444,D,2
FSHN-445,A+,1
FSHN-449,A+,1
FSHN-449,A-,1
FSHN-449,B,1
FSHN-449,B-,1
FSHN-449,W,1
FSHN-451,A,1
FSHN-451,A+,1
FSHN-451,B+,1
FSHN-451,C+,1
FSHN-453,A,1
FSHN-453,A+,1
FSHN-453,B,1
FSHN-455,A+,1
FSHN-455,B+,1
FSHN-455,NGC,2
FSHN-459,A,16
FSHN-459,B,1
FSHN-459,B+,1
FSHN-459,C+,1
FSHN-459,D,1
FSHN-459,F,1
FSHN-461,A+,1
FSHN-470,B,1
FSHN-480A1,B,1
FSHN-486B,S,1
FSHN-525,A+,1
FTEC-110,A,1
FTEC-110,C,1
FTEC-110,NGC,1
FTEC-115,A,9
FTEC-115,C,1
FTEC-155,B,1
FTEC-205,A,1
FTEC-210,A-,1
FTEC-210,D,1
FTEC-210,NGC,2
FTEC-292,A,1
FTEC-360,B,1
FTEC-360,NGC,1
FTEC-400,A,9
FTEC-400,A+,4
FTEC-400,A-,2
FTEC-400,B,3
FTEC-400,B+,1
FTEC-400,B-,2
FTEC-400,C+,1
FTEC-574,A,3
FW-104,A,4
FW-104,A+,2
FW-104,A-,1
FW-104,B-,3
FW-104,C,2
FW-179,A,2
FW-179,A+,1
FW-179,B,1
FW-179,B+,1
FW-179,B-,1
FW-380A1,A+,1
FW-380A1,NGC,1
GEOL-110,B,1
GEOL-110,B+,1
GEOL-110,B-,1
GEOL-110,C,1
GEOL-120,A,1
GEOL-120,A+,1
GEOL-120,A-,1
GEOL-120,B,4
GEOL-120,B+,1
GEOL-120,B-,1
GEOL-120,C,4
GEOL-120,C+,2
GEOL-120,D,1
GEOL-120,W,1
GEOL-121,A,6
GEOL-121,B,9
GEOL-121,D,1
GEOL-121,W,1
GEOL-122,A-,1
GEOL-122,C,4
GEOL-122,C+,1
GEOL-122,F,1
GEOL-124,A,2
GEOL-150,A,1
GEOL-150,A-,1
GEOL-150,NGC,2
GEOL-154,A-,1
GEOL-154,B,1
GEOL-154,NGC,2
GEOL-192,A+,1
GEOL-250,A,1
GEOL-250,NGC,1
GES-101,A,4
GES-101,B,1
GES-101,W,1
GES-120,A-,1
GES-141,A,1
GES-141,B,2
GES-141,C,1
GES-280A2,A+,1
GES-465,A,1
GR-100,A,3
GR-100,C,5
GR-100,D,1
GR-100,F,1
GR-102,B,4
GR-102,C,1
GR-102,D,1
GR-102,F,1
GR-102,W,1
GR-213,A,1
GR-213,B,1
GR-217,A,1
GR-348,A,1
GRAD-544,S,6
GRAD-592,A+,1
HDFS-101,A,63
HDFS-101,A+,8
HDFS-101,A-,25
HDFS-101,B,21
HDFS-101,B+,18
HDFS-101,B-,9
HDFS-101,C,16
HDFS-101,C+,9
HDFS-101,D,4
HDFS-101,F,5
HDFS-101,RD,1
HDFS-101,RF,1
HDFS-101,W,4
HDFS-201,A,1
HDFS-201,A+,3
HDFS-201,B+,1
HDFS-217,B+,2
HDFS-217,B-,1
HDFS-217,D,1
HDFS-217,NGC,2
HDFS-250,A+,1
HDFS-250,B,1
HDFS-250,D,1
HDFS-275,A,1
HDFS-277,A,1
HDFS-277,A+,5
HDFS-277,A-,1
HDFS-277,B,1
HDFS-277,W,1
HDFS-310,A,2
HDFS-310,A+,2
HDFS-310,B,2
HDFS-310,B+,1
HDFS-310,B-,1
HDFS-310,C,1
HDFS-310,W,1
HDFS-311,A+,1
HDFS-311,A-,3
HDFS-311,C,1
HDFS-311,C+,2
HDFS-312,A+,1
HDFS-312,C,1
HDFS-315,A,3
HDFS-315,A+,1
HDFS-315,B+,2
HDFS-315,W,1
HDFS-332,A+,2
HDFS-332,B,2
HDFS-332,C,1
HDFS-332,W,1
HDFS-334,A+,1
HDFS-334,B,1
HDFS-334,B+,1
HDFS-334,C,1
HDFS-334,D,1
HDFS-372,A+,2
HDFS-403,A,1
HDFS-470A,A,3
HDFS-470A,A+,3
HDFS-470A,NGC,5
HDFS-484,S,1
HDFS-497B,S,1
HDFS-497C,S,8
HDFS-497F,A,1
HDFS-498A,A,3
HDFS-498A,A+,1
HDFS-498A,S,1
HES-127,A,25
HES-127,B,2
HES-127,C,1
HES-127,D,2
HES-127,F,1
HES-127,W,1
HES-145,A,546
HES-145,A+,5
HES-145,B,446
HES-145,C,126
HES-145,D,25
HES-145,F,14
HES-145,RB,1
HES-145,RC,9
HES-145,RD,9
HES-145,RF,7
HES-145,U,1
HES-145,W,14
HES-145,XB,1
HES-145,XC,1
HES-145,XD,1
HES-180A1,A,11
HES-180A1,B,2
HES-202,A,571
HES-202,A+,1
HES-202,A-,8
HES-202,B,213
HES-202,B+,9
HES-202,B-,6
HES-202,C,64
HES-202,C+,2
HES-202,D,10
HES-202,F,4
HES-202,I,1
HES-202,RD,1
HES-202,RF,1
HES-202,W,9
HES-202,XF,1
HES-207,A,291
HES-207,B,256
HES-207,C,206
HES-207,D,49
HES-207,F,22
HES-207,NGC,995
HES-207,RC,2
HES-207,RD,26
HES-207,RF,12
HES-207,W,62
HES-207,XD,1
HES-232,A,162
HES-232,B,10
HES-232,C,7
HES-232,W,2
HES-300,A,68
HES-300,B,79
HES-300,C,35
HES-300,D,4
HES-300,F,1
HES-300,RD,1
HES-300,W,4
HES-303,A,41
HES-303,B,72
HES-303,C,51
HES-303,D,10
HES-303,F,3
HES-303,W,3
HES-307,A,8
HES-307,A+,4
HES-307,B,45
HES-307,C,42
HES-307,D,25
HES-307,F,1
HES-307,RD,2
HES-307,RF,1
HES-307,W,4
HES-309,A,15
HES-309,B,12
HES-309,C,5
HES-309,F,1
HES-309,W,1
HES-319,A,35
HES-319,B,37
HES-319,C,32
HES-319,D,11
HES-319,F,3
HES-319,NGC,216
HES-319,RD,2
HES-319,RF,1
HES-319,W,2
HES-340,A,239
HES-340,B,129
HES-340,C,33
HES-340,D,1
HES-340,NGC,519
HES-340,RD,2
HES-340,RF,2
HES-340,W,2
HES-345,A,175
HES-345,A+,1
HES-345,B,242
HES-345,C,97
HES-345,D,24
HES-345,F,15
HES-345,RB,1
HES-345,RD,2
HES-345,RF,4
HES-345,W,22
HES-354,A,99
HES-354,B,117
HES-354,C,51
HES-354,D,4
HES-354,F,2
HES-354,RC,1
HES-354,RF,2
HES-354,W,4
HES-355,B,1
HES-360,A,30
HES-360,B,3
HES-379,A,30
HES-379,B,41
HES-379,C,26
HES-379,D,1
HES-379,F,1
HES-379,RF,1
HES-379,W,6
HES-386,A,81
HES-386,B,27
HES-386,C,5
HES-386,D,2
HES-386,NGC,152
HES-386,W,2
HES-403,A,117
HES-403,B,87
HES-403,C,92
HES-403,D,8
HES-403,F,10
HES-403,RD,2
HES-403,RF,2
HES-403,W,28
HES-404,A,168
HES-404,A-,1
HES-404,B,93
HES-404,B+,1
HES-404,C,40
HES-404,D,8
HES-404,F,5
HES-404,I,1
HES-404,RF,1
HES-404,W,3
HES-419,A,48
HES-419,B,3
HES-419,C,4
HES-420,A,8
HES-420,B,14
HES-420,B-,1
HES-420,C,10
HES-420,D,3
HES-420,F,2
HES-420,NGC,53
HES-420,W,6
HES-432,A,20
HES-432,B,14
HES-432,C,6
HES-432,D,2
HES-432,NGC,56
HES-434,A,101
HES-434,B,24
HES-434,C,6
HES-434,D,1
HES-434,W,1
HES-440,A,8
HES-455,A,69
HES-455,B,9
HES-455,F,1
HES-478A,A,10
HES-478A,B,1
HES-478A,C,1
HES-478A,D,1
HES-478A,F,1
HES-478B,A,1
HES-478C,A,15
HES-478D,A,5
HES-480A2,A,13
HES-480A3,A,2
HES-480A3,B,1
HES-480A3,C,1
HES-480A3,NGC,4
HES-480A4,A,1
HES-480A4,A+,1
HES-480A4,A-,5
HES-480A4,B+,3
HES-480A4,NGC,10
HES-484,A,15
HES-486,A,48
HES-486,B,25
HES-486,C,6
HES-486,D,1
HES-486,I,1
HES-486,NGC,114
HES-486,W,2
HES-487,A,8
HES-487,B,1
HES-495A,A,11
HES-495C,A,1
HIST-100,A,21
HIST-100,A+,3
HIST-100,A-,37
HIST-100,B,17
HIST-100,B+,12
HIST-100,B-,9
HIST-100,C,11
HIST-100,C+,4
HIST-100,D,2
HIST-100,F,4
HIST-100,RF,2
HIST-100,W,3
HIST-101,A,8
HIST-101,A+,2
HIST-101,A-,5
HIST-101,B,8
HIST-101,B+,8
HIST-101,B-,11
HIST-101,C,10
HIST-101,C+,10
HIST-101,D,2
HIST-101,F,3
HIST-101,RF,2
HIST-101,W,3
HIST-115,B,2
HIST-115,B+,1
HIST-115,C,1
HIST-115,W,2
HIST-116,A,2
HIST-116,A-,1
HIST-116,C,1
HIST-120,A,12
HIST-120,A-,4
HIST-120,B,2
HIST-120,B+,1
HIST-121,A,3
HIST-121,A-,2
HIST-121,B,1
HIST-121,B+,1
HIST-121,C,1
HIST-121,D,1
HIST-121,W,1
HIST-150,A,16
HIST-150,A+,2
HIST-150,A-,11
HIST-150,B,11
HIST-150,B+,9
HIST-150,B-,12
HIST-150,C,10
HIST-150,C+,6
HIST-150,D,4
HIST-150,F,7
HIST-150,RF,3
HIST-150,W,7
HIST-151,A,60
HIST-151,A+,11
HIST-151,A-,23
HIST-151,B,67
HIST-151,B+,16
HIST-151,B-,21
HIST-151,C,45
HIST-151,C+,4
HIST-151,D,10
HIST-151,F,4
HIST-151,RF,2
HIST-151,U,1
HIST-151,W,10
HIST-151,XA-,1
HIST-170,A,6
HIST-170,A-,1
HIST-170,B,7
HIST-170,B+,1
HIST-170,C,2
HIST-170,D,1
HIST-170,RF,1
HIST-170,W,3
HIST-171,A,24
HIST-171,A+,5
HIST-171,A-,9
HIST-171,B,13
HIST-171,B+,3
HIST-171,B-,5
HIST-171,C,6
HIST-171,C+,4
HIST-171,D,1
HIST-171,F,2
HIST-171,W,1
HIST-201,A,1
HIST-201,B+,2
HIST-201,W,1
HIST-250,A+,1
HIST-250,C,1
HIST-255,A+,1
HIST-301,A-,1
HIST-309,W,1
HIST-311,C+,1
HIST-317,B-,1
HIST-317,C+,1
HIST-318,A,1
HIST-338,W,1
HIST-345,A,1
HIST-349,B+,1
HIST-351,A,1
HIST-355,F,1
HIST-355,W,1
HIST-359,A+,1
HIST-366,A,1
HIST-370,A-,1
HIST-431,C+,1
HONR-110,S,88
HONR-110,U,1
HONR-192,A,190
HONR-192,A+,49
HONR-192,A-,23
HONR-192,B,7
HONR-192,B+,13
HONR-192,B-,2
HONR-192,F,4
HONR-192,NGC,143
HONR-192,RF,1
HONR-192,W,2
HONR-193,A,123
HONR-193,A+,27
HONR-193,A-,16
HONR-193,B,7
HONR-193,B+,4
HONR-193,C,1
HONR-193,W,1
HONR-292A,A,13
HONR-292A,B,1
HONR-292B,A,101
HONR-292B,A+,12
HONR-292B,A-,9
HONR-292B,B,3
HONR-292B,B+,4
HONR-292B,W,2
HONR-292C,A,35
HONR-292C,A+,2
HONR-292C,A-,1
HONR-292C,B+,1
HONR-292C,B-,2
HONR-384,A,4
HONR-392,A,46
HONR-392,A+,35
HONR-392,A-,5
HONR-392,B,1
HONR-392,B+,2
HONR-392,C,1
HONR-392,D,1
HONR-397,A,1
HONR-397,A+,4
HONR-397,S,1
HONR-399,S,116
HONR-399,U,3
HONR-399,W,1
HONR-492,A,27
HONR-492,A+,25
HONR-492,A-,2
HONR-492,B,2
HONR-499,A,23
HONR-499,A+,11
HONR-499,F,1
HONR-499,I,2
HONR-499,W,1
HORT-100,A,1
HORT-100,B,2
HORT-100,C,1
HORT-100,F,1
HORT-100,NGC,5
HORT-100,W,2
HORT-171,A,1
HORT-171,A+,1
HORT-171,B,1
HORT-171,NGC,3
HORT-260,A,1
HORT-260,NGC,1
HORT-310,NGC,1
HORT-345,A,1
HORT-401,A,1
HORT-462,A,1
IDEA-110,A,1
IDEA-110,A+,2
IDEA-210,A,10
IDEA-210,A+,4
IDEA-210,B,2
IDEA-210,B+,3
IDEA-210,C+,1
IDEA-210,F,3
IE-116,A,1
IE-116,A+,1
IE-116,NGC,2
IE-149A,A,1
IE-149A,A+,1
IE-182A,A,2
IE-200,A,5
IE-200,A+,12
IE-200,A-,1
IE-200,B+,2
IE-252A,A,2
IE-252B,A+,6
IE-270,B-,1
IE-282B,A+,1
IE-382G,A+,10
IE-387,A,4
IE-387,A+,2
INST-179A,A+,1
INST-179B,A+,2
INST-179C,A,1
INST-179C,A+,1
INST-179C,A-,1
INST-182B,A+,2
INST-200,A,6
INST-200,A+,5
INST-200,C+,1
INST-200,W,1
INTD-110,A-,5
INTD-129,A,2
INTD-129,B,2
INTD-129,D,2
INTD-129,F,1
INTD-166,A,1
INTD-166,A-,1
INTD-166,B+,1
INTD-166,C,1
INTD-166,NGC,5
INTD-359,C,1
IU-170,A,6
IU-170,NGC,6
IU-171,A,5
IU-171,NGC,5
IU-172,A,6
IU-172,A+,36
IU-172,A-,4
IU-172,B,2
IU-172,B+,1
IU-172,B-,3
IU-172,C,1
IU-172,C+,2
IU-172A,A,12
IU-172A,A+,23
IU-172A,A-,1
IU-172A,B,2
IU-172A,B+,3
IU-172A,B-,1
IU-172A,C,2
IU-172A,C+,1
IU-173B,A,8
IU-173B,A+,3
IU-173B,A-,4
IU-173B,B,2
IU-173B,C,3
IU-173B,F,1
IU-173B,W,1
IU-173C,A+,1
IU-173C,A-,1
IU-174B,A,4
IU-174B,A+,7
IU-174B,A-,4
IU-174B,B,1
IU-174B,B+,3
IU-174B,B-,1
IU-174B,W,1
IU-174D,F,1
IU-180A2,A+,1
IU-180A2,B,1
IU-180A6,XA+,1
IU-180A7,A,2
IU-181A5,A+,3
IU-270,A,3
IU-270,NGC,2
IU-271,A,3
IU-271,NGC,2
IU-274,A,19
IU-274,A+,32
IU-274,A-,2
IU-274,B+,1
IU-274,C,2
IU-274,W,1
IU-300,A,3
IU-300,A+,5
IU-470,A,3
IU-470,F,1
IU-470,NGC,4
IU-471,A,2
IU-471,NGC,3
IU-498,A,1
JTC-100,A,4
JTC-100,A+,1
JTC-100,A-,4
JTC-100,B,7
JTC-100,B+,1
JTC-100,B-,6
JTC-100,C,5
JTC-100,C+,3
JTC-100,RF,1
JTC-192,A+,1
JTC-203,U,1
JTC-210,A,1
JTC-210,A+,1
JTC-210,A-,3
JTC-210,B,1
JTC-210,B-,1
JTC-210,NGC,7
JTC-211,A,2
JTC-211,A+,1
JTC-211,NGC,3
JTC-270,B+,1
JTC-270,NGC,1
JTC-300,A,9
JTC-300,A+,7
JTC-300,A-,4
JTC-300,B,4
JTC-300,B+,5
JTC-300,B-,2
JTC-300,C+,1
JTC-300,D,1
JTC-300,NGC,37
JTC-300,W,3
JTC-301,A+,2
JTC-301,A-,1
JTC-301,NGC,4
JTC-301,W,1
JTC-326,B+,1
JTC-350,A,1
JTC-354,A,1
JTC-490,A+,1
KEY-175,A,13
KEY-175,B,4
KEY-175,B-,2
KEY-175,C,2
KEY-192A,A,18
KEY-192A,A+,39
KEY-192A,A-,2
KEY-192A,B,2
KEY-192A,B+,2
KEY-192A,W,4
KEY-192B,B+,2
KEY-192B,C,1
KEY-192C,A,21
KEY-192C,A+,9
KEY-192C,A-,3
KEY-192C,B,5
KEY-192C,B+,4
KEY-192C,B-,1
KEY-192C,C,1
KEY-192C,D,1
KEY-192C,F,1
KEY-192C,XC,1
KEY-272,A,6
KEY-272,A+,2
KEY-272,B+,1
KEY-272,W,1
LAND-110,A,1
LAND-110,B+,1
LAND-110,NGC,4
LAND-220,A+,1
LARA-250,A,2
LASL-100,A,13
LASL-100,A+,11
LASL-100,B,2
LASL-100,B+,1
LASL-100,D,1
LASL-100,F,1
LASL-101,A,11
LASL-101,B,1
LASL-101,B+,1
LASL-101,D,1
LASL-200,A,9
LASL-200,B,3
LASL-200,C,1
LASL-200,C+,1
LASL-200,W,1
LASL-201,A,7
LASL-201,B,2
LASL-201,C+,1
LASL-201,D,1
LASL-304,A,1
LASL-304,B,1
LASL-304,C,1
LASL-347,B,1
LB-173,A,13
LB-173,A+,1
LB-173,B,3
LB-173,B+,1
LB-173,C,2
LB-173,D,2
LB-205,A+,1
LB-300,A,3
LB-300,A+,3
LB-300,A-,1
LB-300,D,1
LB-300,F,1
LB-300,NGC,9
LB-360,A,1
LCHI-100,A,2
LCHI-100,B,1
LCHI-101,A-,1
LCHI-200,A+,1
LCHI-200,B,1
LCHI-201,C+,1
LCHI-304,A,1
LCHI-304,A-,1
LCHI-305,A,2
LCHI-380A1,A,1
LCHI-380A1,A-,1
LCHI-400,A,1
LCHI-480A1,B+,1
LFRE-100,A,1
LFRE-100,A+,1
LFRE-100,A-,1
LFRE-100,B+,1
LFRE-100,B-,1
LFRE-100,C+,1
LFRE-100,NGC,7
LFRE-101,A+,2
LFRE-101,A-,1
LFRE-101,B,1
LFRE-101,B+,1
LFRE-101,B-,1
LFRE-101,NGC,6
LFRE-200,A+,2
LFRE-200,B,1
LFRE-200,B-,1
LFRE-200,W,1
LFRE-201,A+,1
LFRE-201,A-,1
LFRE-251,A+,1
LFRE-300,A,3
LFRE-300,B+,1
LFRE-300,D,1
LFRE-301,A+,1
LFRE-313,A,1
LFRE-335,A,1
LFRE-365,A,2
LFRE-400,A-,1
LFRE-433A,A+,1
LGEN-465E,A,1
LGER-100,A,2
LGER-100,A+,3
LGER-100,A-,1
LGER-100,NGC,6
LGER-101,A,2
LGER-101,A+,1
LGER-101,B+,1
LGER-101,NGC,4
LGER-251,A,2
LGER-251,A+,2
LGER-251,B,1
LGER-251,B+,2
LGER-345,A+,1
LGER-400,A+,1
LGER-434,A+,1
LIFE-102,A,510
LIFE-102,A+,133
LIFE-102,A-,130
LIFE-102,B,396
LIFE-102,B+,120
LIFE-102,B-,60
LIFE-102,C,181
LIFE-102,C+,55
LIFE-102,D,47
LIFE-102,F,21
LIFE-102,I,1
LIFE-102,NGC,1684
LIFE-102,RC,2
LIFE-102,RC+,1
LIFE-102,RD,1
LIFE-102,RF,8
LIFE-102,U,4
LIFE-102,W,43
LIFE-102,XD,2
LIFE-102,XU,1
LIFE-103,A,36
LIFE-103,A-,5
LIFE-103,B,49
LIFE-103,B+,10
LIFE-103,B-,1
LIFE-103,C,28
LIFE-103,C+,5
LIFE-103,D,10
LIFE-103,F,2
LIFE-103,NGC,185
LIFE-103,RC+,1
LIFE-103,U,1
LIFE-103,W,4
LIFE-162,A,8
LIFE-162,A+,33
LIFE-162,A-,2
LIFE-162,C+,1
LIFE-201B,A,138
LIFE-201B,A-,1
LIFE-201B,B,47
LIFE-201B,C,18
LIFE-201B,C+,2
LIFE-201B,D,5
LIFE-201B,F,1
LIFE-201B,RD,1
LIFE-201B,RF,1
LIFE-201B,W,4
LIFE-201B,XD,2
LIFE-201B,XF,1
LIFE-202B,A,15
LIFE-202B,A+,3
LIFE-202B,A-,1
LIFE-202B,B,1
LIFE-202B,B+,1
LIFE-203,A,54
LIFE-203,A+,15
LIFE-203,A-,11
LIFE-203,B,19
LIFE-203,B+,19
LIFE-203,B-,4
LIFE-203,C,16
LIFE-203,D,4
LIFE-203,F,3
LIFE-203,NGC,195
LIFE-203,W,18
LIFE-203,XC,1
LIFE-205,A,5
LIFE-205,B,1
LIFE-205,C,1
LIFE-205,D,1
LIFE-205,F,1
LIFE-206,A,2
LIFE-206,B,1
LIFE-206,I,1
LIFE-210,A,221
LIFE-210,A+,59
LIFE-210,A-,7
LIFE-210,B,118
LIFE-210,B+,14
LIFE-210,B-,10
LIFE-210,C,44
LIFE-210,C+,8
LIFE-210,D,8
LIFE-210,F,3
LIFE-210,RD,3
LIFE-210,RF,2
LIFE-210,W,21
LIFE-210,XB,1
LIFE-210,XD,1
LIFE-211,A,10
LIFE-211,A+,16
LIFE-211,B,1
LIFE-211,W,1
LIFE-212,A,173
LIFE-212,A+,66
LIFE-212,A-,10
LIFE-212,B,91
LIFE-212,B+,23
LIFE-212,B-,2
LIFE-212,C,15
LIFE-212,D,1
LIFE-212,F,2
LIFE-212,NGC,384
LIFE-212,RF,1
LIFE-212,W,12
LIFE-320,A,6
LIFE-320,A+,1
LIFE-320,A-,1
LIFE-320,B,3
LIFE-320,B-,1
LIFE-320,C,1
LIFE-320,D,1
LITA-200,A+,1
LITA-201,C+,1
LJPN-100,A+,3
LJPN-100,B+,1
LJPN-101,A,1
LJPN-101,A+,1
LJPN-101,A-,1
LJPN-200,A,3
LJPN-200,A-,1
LJPN-200,B,1
LJPN-200,NGC,5
LJPN-201,A,1
LJPN-201,B,1
LJPN-201,B-,1
LJPN-201,NGC,3
LJPN-304,A,1
LJPN-304,B,1
LJPN-304,B-,1
LJPN-305,B,1
LJPN-305,B+,1
LJPN-352A,A,1
LJPN-352A,A+,1
LJPN-352A,B+,1
LKOR-100,A,1
LKOR-100,A+,2
LKOR-100,A-,2
LKOR-100,NGC,5
LKOR-101,A,2
LKOR-101,A-,1
LKOR-101,NGC,4
LKOR-200,A,1
LKOR-200,A+,1
LKOR-200,NGC,2
LKOR-201,A-,1
LKOR-201,NGC,2
LKOR-300,A-,1
LRUS-100,A-,1
LSPA-100,A,1
LSPA-100,B,2
LSPA-100,B+,1
LSPA-100,C,1
LSPA-100,C+,1
LSPA-100,NGC,7
LSPA-101,A,2
LSPA-101,A+,5
LSPA-101,A-,3
LSPA-101,B,2
LSPA-101,B+,2
LSPA-101,B-,1
LSPA-101,NGC,19
LSPA-101,RF,1
LSPA-108,A+,1
LSPA-108,A-,1
LSPA-108,B,1
LSPA-108,B+,1
LSPA-108,C,2
LSPA-108,D,1
LSPA-108,NGC,3
LSPA-200,A,13
LSPA-200,A-,7
LSPA-200,B,3
LSPA-200,B+,2
LSPA-200,B-,1
LSPA-200,C,1
LSPA-200,C+,1
LSPA-200,W,1
LSPA-201,A,5
LSPA-201,A+,5
LSPA-201,A-,9
LSPA-201,B,2
LSPA-201,B+,3
LSPA-201,B-,5
LSPA-201,C,4
LSPA-201,C+,2
LSPA-201,D,1
LSPA-201,W,1
LSPA-208,A,1
LSPA-300,A,15
LSPA-300,A+,2
LSPA-300,A-,5
LSPA-300,B,7
LSPA-300,B+,8
LSPA-300,B-,1
LSPA-300,C+,1
LSPA-300,D,1
LSPA-300,F,1
LSPA-301,A,10
LSPA-301,A+,3
LSPA-301,A-,6
LSPA-301,W,1
LSPA-310,A,5
LSPA-310,A+,4
LSPA-310,B,1
LSPA-310,B-,1
LSPA-313,A,2
LSPA-313,A+,1
LSPA-313,A-,1
LSPA-326,A,1
LSPA-335,A,5
LSPA-335,A+,1
LSPA-335,A-,1
LSPA-335,B,1
LSPA-335,B+,1
LSPA-335,C,1
LSPA-335,C+,1
LSPA-340,A+,3
LSPA-340,B+,1
LSPA-340,B-,1
LSPA-340,NGC,5
LSPA-342,A,2
LSPA-342,A-,1
LSPA-342,B,1
LSPA-342,NGC,6
LSPA-343,A,2
LSPA-343,A-,1
LSPA-343,B,1
LSPA-343,NGC,4
LSPA-345,A,1
LSPA-346,A,10
LSPA-346,A-,1
LSPA-346,B+,1
LSPA-346,C+,1
LSPA-346,D,1
LSPA-348,A,1
LSPA-348,NGC,3
LSPA-400,A,5
LSPA-400,A-,2
LSPA-400,B,2
LSPA-400,B+,1
LSPA-400,B-,2
LSPA-436,A,2
LSPA-443,A,2
LSPA-444,C,1
LSPA-444,NGC,3
LSPA-495,A,1
MATH-101,A,2
MATH-101,B,4
MATH-101,B+,3
MATH-101,C,2
MATH-101,D,2
MATH-101,F,1
MATH-101,NGC,18
MATH-105,A,1
MATH-105,NGC,1
MATH-116,A,27
MATH-116,A+,21
MATH-116,B,1
MATH-116,F,2
MATH-116,W,3
MATH-117,A,177
MATH-117,B,108
MATH-117,C,90
MATH-117,U,37
MATH-117,W,43
MATH-117,XS,1
MATH-118,A,382
MATH-118,B,179
MATH-118,C,149
MATH-118,D,1
MATH-118,F,2
MATH-118,RC,1
MATH-118,RF,1
MATH-118,S,1
MATH-118,U,88
MATH-118,W,115
MATH-118,XC,1
MATH-118,XU,5
MATH-120,A,20
MATH-120,B,21
MATH-120,C,19
MATH-120,D,15
MATH-120,F,7
MATH-120,RD,1
MATH-120,RF,1
MATH-120,W,5
MATH-124,A,467
MATH-124,B,148
MATH-124,C,91
MATH-124,F,3
MATH-124,U,60
MATH-124,W,137
MATH-124,XA,1
MATH-124,XU,2
MATH-125,A,471
MATH-125,A+,15
MATH-125,A-,1
MATH-125,B,201
MATH-125,C,171
MATH-125,C+,1
MATH-125,D,3
MATH-125,F,6
MATH-125,RC,1
MATH-125,RF,2
MATH-125,S,1
MATH-125,U,151
MATH-125,W,234
MATH-125,XU,4
MATH-126,A,48
MATH-126,B,14
MATH-126,B+,1
MATH-126,C,6
MATH-126,U,8
MATH-126,W,17
MATH-127,A,11
MATH-127,B,11
MATH-127,C,19
MATH-127,D,3
MATH-127,RD,1
MATH-127,U,2
MATH-127,W,1
MATH-141,B,2
MATH-141,B+,1
MATH-141,C,1
MATH-151,A,1
MATH-155,A,133
MATH-155,A+,37
MATH-155,A-,38
MATH-155,B,80
MATH-155,B+,27
MATH-155,B-,14
MATH-155,C,45
MATH-155,C+,18
MATH-155,D,21
MATH-155,F,8
MATH-155,I,1
MATH-155,RC,1
MATH-155,RD,5
MATH-155,RF,2
MATH-155,U,1
MATH-155,W,25
MATH-160,A,11
MATH-160,B,6
MATH-160,C,6
MATH-160,D,1
MATH-160,F,2
MATH-160,NGC,28
MATH-160,RD,1
MATH-160,W,8
MATH-160,XF,1
MATH-161,A,6
MATH-161,B,7
MATH-161,C,6
MATH-161,D,1
MATH-161,F,4
MATH-161,NGC,30
MATH-161,RF,2
MATH-161,W,14
MATH-161,XF,2
MATH-161,XU,1
MATH-192,B,1
MATH-235,C+,1
MATH-255,A,16
MATH-255,A+,2
MATH-255,A-,2
MATH-255,B,7
MATH-255,B+,2
MATH-255,B-,2
MATH-255,C,4
MATH-255,W,3
MATH-261,A,3
MATH-261,B,5
MATH-261,D,2
MATH-261,F,1
MATH-261,RD,1
MATH-261,W,3
MATH-271,A-,1
MATH-340,B,1
MATH-340,B-,1
MATH-340,C,1
MATH-340,NGC,5
MATH-348,A,1
MATH-348,NGC,1
MATH-369,A,2
MATH-369,A+,2
MATH-369,B+,1
MATH-369,C,1
MATH-369,F,1
MATH-369,W,1
MATH-384,A,1
MATH-455,A,1
MATH-455,A+,2
MECH-103,A,4
MECH-103,A-,1
MECH-103,B,3
MECH-103,B+,3
MECH-103,B-,1
MECH-103,C,1
MECH-103,C+,1
MECH-103,F,3
MECH-103,W,2
MECH-105,A+,1
MECH-105,A-,1
MECH-105,B,1
MECH-105,C,2
MECH-105,C+,1
MECH-105,W,1
MECH-180A1,A-,1
MECH-200A,A,2
MECH-200A,B,1
MECH-200A,F,1
MECH-200B,A,1
MECH-200B,B,2
MECH-200B,F,1
MECH-201,B,1
MECH-201,B-,1
MECH-201,F,2
MECH-201,NGC,4
MECH-202,C,1
MECH-202,NGC,1
MECH-231,B,1
MECH-231,B+,1
MECH-231,NGC,2
MECH-262,B,1
MECH-324,B-,1
MECH-324,NGC,1
MECH-325,B,1
MECH-337,A+,1
MECH-337,NGC,1
MECH-342,F,1
MGT-301,B,1
MGT-305,A,14
MGT-305,A-,2
MGT-305,B,4
MGT-305,C,2
MGT-305,D,1
MGT-305,F,1
MGT-305,W,4
MGT-320,B,1
MGT-330,A,2
MGT-330,C,1
MGT-340,A,4
MGT-340,A+,1
MGT-340,A-,1
MGT-360,A+,1
MGT-375,B+,1
MGT-376,B,1
MGT-377,A-,1
MGT-411,A-,1
MGT-420,A,2
MGT-476,C,1
MGT-478,A,1
MGT-486A,A,1
MGT-486A,NGC,1
MGT-486B,A,1
MGT-486B,NGC,1
MIP-101,A,6
MIP-101,B,1
MIP-101,W,1
MIP-150,A,114
MIP-150,A+,3
MIP-150,B,31
MIP-150,B+,5
MIP-150,C,7
MIP-150,W,2
MIP-150,XC,1
MIP-192,XC,1
MIP-250,A,82
MIP-250,A+,1
MIP-250,A-,15
MIP-250,B,40
MIP-250,B+,12
MIP-250,C,13
MIP-250,C+,1
MIP-250,D,2
MIP-250,F,1
MIP-250,W,1
MIP-250,XD,1
MIP-260,A,99
MIP-260,B,50
MIP-260,C,13
MIP-260,D,3
MIP-260,F,1
MIP-260,I,2
MIP-260,RF,1
MIP-260,W,7
MIP-270,A,14
MIP-270,B,2
MIP-270,F,1
MIP-280A4,C,2
MIP-281A1,A,2
MIP-292,A,6
MIP-298,A,4
MIP-298,A+,4
MIP-300,A,144
MIP-300,AU,1
MIP-300,B,152
MIP-300,C,76
MIP-300,D,21
MIP-300,F,4
MIP-300,RB,1
MIP-300,RD,2
MIP-300,RF,5
MIP-300,S,1
MIP-300,W,15
MIP-300,XF,2
MIP-302,A,208
MIP-302,B,68
MIP-302,C,20
MIP-302,D,2
MIP-302,F,4
MIP-302,I,1
MIP-302,W,6
MIP-303,A,49
MIP-303,B,1
MIP-315,A,16
MIP-315,A+,10
MIP-315,B,4
MIP-315,B+,4
MIP-315,C,4
MIP-315,C+,1
MIP-315,D,1
MIP-315,W,1
MIP-315,XC,1
MIP-334,B,1
MIP-342,A,40
MIP-342,A+,10
MIP-342,A-,11
MIP-342,B,26
MIP-342,B+,6
MIP-342,B-,8
MIP-342,C,8
MIP-342,C+,4
MIP-342,D,2
MIP-342,F,1
MIP-342,NGC,195
MIP-342,RF,2
MIP-342,W,2
MIP-343,A,19
MIP-343,A+,2
MIP-343,A-,14
MIP-343,B,3
MIP-343,B+,5
MIP-343,B-,3
MIP-351,A,11
MIP-351,B,13
MIP-351,C,3
MIP-352,A,10
MIP-352,A-,1
MIP-352,B,4
MIP-352,W,1
MIP-355,A,9
MIP-355,B,3
MIP-372,A,9
MIP-372,C,1
MIP-380A2,A,3
MIP-381A1,A,9
MIP-381A1,B,1
MIP-384,A,45
MIP-384,A+,17
MIP-384,I,1
MIP-400A,A,1
MIP-400C,A,13
MIP-400H,A,7
MIP-400H,A+,3
MIP-401,A,9
MIP-401,A+,1
MIP-401,B,3
MIP-401,NGC,22
MIP-410,A,7
MIP-410,B,1
MIP-410,W,1
MIP-420,A,13
MIP-420,A+,2
MIP-420,B,28
MIP-420,C,8
MIP-420,D,4
MIP-425,A,9
MIP-425,A+,1
MIP-425,B,3
MIP-425,C,1
MIP-443,A,1
MIP-443,B,3
MIP-443,C,1
MIP-443,NGC,5
MIP-450,A,26
MIP-450,B,17
MIP-450,C,19
MIP-450,D,3
MIP-450,W,3
MIP-462,A,5
MIP-462,C,1
MIP-462,NGC,6
MIP-495,A,5
MIP-495,A+,2
MIP-495,I,1
MIP-496,A,13
MIP-498,A,3
MIP-498,A+,10
MIP-525,A,2
MIP-525,B,1
MIP-533,NGC,4
MIP-542,A,1
MIP-550,A+,1
MIP-550,NGC,4
MIP-550,W,2
MIP-554,A,2
MIP-651,A+,1
MKT-300,A,2
MKT-300,C,1
MKT-305,A,33
MKT-305,A+,3
MKT-305,A-,20
MKT-305,B,50
MKT-305,B+,17
MKT-305,B-,19
MKT-305,C,21
MKT-305,C+,11
MKT-305,D,5
MKT-305,F,1
MKT-305,RF,1
MKT-305,W,5
MKT-307,A,2
MKT-307,B,5
MKT-307,C+,1
MKT-330,A,1
MKT-330,A-,1
MKT-330,C+,1
MKT-362,B,1
MKT-363,B,1
MKT-363,B+,1
MKT-440,B-,1
MKT-492,A,1
MLSC-101,A,10
MLSC-101,A+,8
MLSC-101,B+,1
MLSC-102,A,4
MLSC-102,A+,4
MLSC-102,A-,3
MLSC-102,B+,1
MLSC-196,A,3
MLSC-196,A+,14
MLSC-197,A,1
MLSC-197,A+,11
MLSC-201,A,5
MLSC-201,A+,5
MLSC-201,A-,1
MLSC-201,B+,1
MLSC-201,C,1
MLSC-202,A,1
MLSC-202,A+,3
MLSC-202,W,1
MLSC-296,A+,13
MLSC-297,A+,4
MLSC-297,W,1
MLSC-301,A,1
MLSC-301,A+,2
MLSC-301,A-,1
MLSC-302,A,2
MLSC-357,A,1
MLSC-396,A,4
MLSC-397,A+,2
MLSC-401,A,2
MLSC-402,A+,1
MLSC-402,A-,1
MLSC-496,A,1
MLSC-496,A+,1
MLSC-497,A,1
MLSC-497,A+,1
MU-100,A,250
MU-100,A+,213
MU-100,A-,99
MU-100,B,50
MU-100,B+,51
MU-100,B-,28
MU-100,C,22
MU-100,C+,20
MU-100,D,12
MU-100,F,10
MU-100,RF,3
MU-100,W,4
MU-100,XA,1
MU-100,XF,1
MU-110,NGC,1
MU-111,A,4
MU-111,A+,4
MU-111,A-,4
MU-111,B,1
MU-117,A,3
MU-117,A+,1
MU-117,A-,1
MU-117,B+,1
MU-118,A,1
MU-118,A-,1
MU-127,A-,1
MU-127,B,1
MU-127,B+,2
MU-128,A,2
MU-131,A,2
MU-131,A+,1
MU-132,A,9
MU-132,A+,26
MU-132,A-,5
MU-132,B,2
MU-132,B+,2
MU-132,C+,1
MU-132,W,1
MU-133,A,1
MU-133,A-,1
MU-133,B,1
MU-133,B-,2
MU-133,C,1
MU-150,A,2
MU-150,A+,2
MU-151B,A+,1
MU-159,A+,1
MU-170D,A,1
MU-170D,A+,2
MU-202,A,5
MU-202,A+,8
MU-202,A-,1
MU-202,B,1
MU-202,B+,1
MU-204,A,40
MU-204,B,1
MU-204,B-,1
MU-204,I,1
MU-205,A,7
MU-205,AU,1
MU-205,B,1
MU-206,A,5
MU-206,A+,1
MU-206,A-,1
MU-206,F,1
MU-217,A,1
MU-217,A-,1
MU-218,A,2
MU-227,A+,1
MU-227,A-,1
MU-228,A+,1
MU-228,B,1
MU-232,B,1
MU-272C,A,2
MU-272E,A,1
MU-272H,A,2
MU-272H,A+,1
MU-272I,A,4
MU-272I,A+,1
MU-272P,A,4
MU-272P,A+,1
MU-272Q,A,1
MU-272S,A,3
MU-272V,A,2
MU-274A,A+,3
MU-274F,A,4
MU-274F,A-,1
MU-275S,A+,1
MU-275T,A,2
MU-275T,A+,2
MU-302,A,6
MU-304,A,11
MU-305,A,3
MU-305,A+,2
MU-309,A,6
MU-309,A+,3
MU-309,A-,3
MU-310,A,4
MU-310,A+,4
MU-333,A,1
MU-333,A+,2
MU-334,A,1
MU-342,A,1
MU-400,A,2
MU-400,A+,1
MU-404,A,7
MU-407,A,1
MU-407,A+,1
MU-408,A,8
MU-408,A+,5
MU-465,A-,1
MU-465,NGC,1
MU-472T,A,1
MU-496I,A,4
NB-192,S,156
NB-192,W,3
NB-292,S,44
NB-292,U,1
NB-399,I,1
NB-399,S,57
NB-399,U,2
NB-399,W,2
NB-399,XS,1
NB-493,A,6
NB-493,A+,22
NB-493,A-,4
NB-493,B,1
NB-493,B-,1
NB-493,F,1
NB-493,W,2
NB-495,S,1
NB-499,A,16
NB-499,A+,10
NB-499,A-,2
NB-499,F,1
NB-499,I,5
NB-499,W,1
NR-120A,A,4
NR-120A,W,1
NR-130,A,3
NR-130,A+,2
NR-130,A-,2
NR-130,B,1
NR-130,B+,1
NR-130,D,1
NR-150,A,8
NR-150,A+,8
NR-150,B,1
NR-150,B+,1
NR-150,B-,1
NR-150,C,2
NR-150,W,1
NR-192,B,1
NR-193,C,1
NR-300,B+,1
NR-300,C+,1
NR-320,A-,1
NR-320,B+,1
NR-320,W,1
NR-370,C+,1
NRRT-231,A,1
NRRT-250,A+,1
NRRT-262,A+,1
NRRT-270,A+,1
NRRT-270,A-,1
NRRT-270,B-,1
NRRT-280A3,S,1
NRRT-280A4,S,2
NRRT-280A5,S,1
NRRT-320,W,1
NRRT-350,A,1
NRRT-350,NGC,1
NRRT-351,NGC,1
NRRT-372,A-,1
NRRT-495A,A+,1
NRRT-495C,A+,1
NSCI-170,XI,1
NSCI-193,A,1
NSCI-193,B,1
NSCI-193,W,1
OT-110,A,23
OT-110,A+,5
OT-110,A-,5
OT-110,B,3
OT-110,B+,2
OT-110,C,1
OT-110,D,1
OT-215,A,330
OT-215,A+,118
OT-215,A-,65
OT-215,B,13
OT-215,B+,19
OT-215,B-,6
OT-215,C,4
OT-215,C+,4
OT-215,D,1
OT-215,F,4
OT-215,W,4
OT-215,XF,1
OT-355,A,8
OT-355,A+,1
OT-355,B,1
OT-355,B+,1
OT-355,NGC,19
PBHL-516,A,3
PBHL-516,A+,2
PBHL-550,A,4
PBHL-560,A,1
PBHL-560,B,1
PBHL-570,A,2
PH-110,B+,1
PH-110,B-,1
PH-110,C+,1
PH-110,D,1
PH-110,W,2
PH-111,A,1
PH-111,A+,1
PH-111,A-,1
PH-111,W,1
PH-121,A,169
PH-121,A+,52
PH-121,A-,45
PH-121,B,119
PH-121,B+,46
PH-121,B-,28
PH-121,C,47
PH-121,C+,32
PH-121,D,20
PH-121,F,3
PH-121,I,3
PH-121,NGC,1454
PH-121,RD,1
PH-121,RF,1
PH-121,W,36
PH-121,XD,1
PH-122,A,81
PH-122,A+,26
PH-122,A-,5
PH-122,B,28
PH-122,B+,12
PH-122,B-,3
PH-122,C,7
PH-122,C+,7
PH-122,D,2
PH-122,NGC,550
PH-122,W,12
PH-141,A,11
PH-141,A+,5
PH-141,A-,3
PH-141,B,3
PH-141,B+,4
PH-141,B-,1
PH-141,C,5
PH-141,C+,2
PH-141,D,1
PH-141,NGC,78
PH-141,W,12
PH-142,A,2
PH-142,A-,1
PH-142,B,2
PH-142,B+,1
PH-142,C,2
PH-142,F,1
PH-142,NGC,26
PH-142,RF,1
PH-142,W,6
PHIL-100,A,22
PHIL-100,A+,3
PHIL-100,A-,20
PHIL-100,B,18
PHIL-100,B+,10
PHIL-100,B-,17
PHIL-100,C,20
PHIL-100,C+,5
PHIL-100,D,4
PHIL-100,F,2
PHIL-100,W,6
PHIL-100,XF,1
PHIL-103,A,44
PHIL-103,A+,8
PHIL-103,A-,19
PHIL-103,B,20
PHIL-103,B+,7
PHIL-103,B-,9
PHIL-103,C,6
PHIL-103,C+,8
PHIL-103,D,3
PHIL-103,F,4
PHIL-103,RF,1
PHIL-103,W,5
PHIL-103,XB,1
PHIL-103,XB+,1
PHIL-110,A,54
PHIL-110,A+,6
PHIL-110,A-,6
PHIL-110,B,27
PHIL-110,B+,7
PHIL-110,B-,1
PHIL-110,C,8
PHIL-110,C+,5
PHIL-110,D,8
PHIL-110,F,4
PHIL-110,W,4
PHIL-120,A,1
PHIL-120,A-,1
PHIL-120,B,4
PHIL-120,B+,2
PHIL-120,B-,1
PHIL-120,C,2
PHIL-120,C+,2
PHIL-120,W,1
PHIL-170,A,4
PHIL-170,A+,5
PHIL-170,A-,1
PHIL-170,B,7
PHIL-170,B+,2
PHIL-170,B-,5
PHIL-170,C,4
PHIL-170,D,1
PHIL-170,F,1
PHIL-170,W,2
PHIL-171,A,2
PHIL-171,B,3
PHIL-172,A,3
PHIL-172,A+,3
PHIL-172,B+,1
PHIL-172,B-,1
PHIL-172,C,1
PHIL-172,W,1
PHIL-174,A,3
PHIL-174,B+,2
PHIL-201,D,1
PHIL-205,A-,1
PHIL-210,A+,2
PHIL-210,NGC,3
PHIL-300,A+,1
PHIL-300,A-,1
PHIL-300,B+,1
PHIL-301,A,1
PHIL-301,A+,1
PHIL-303,A,1
PHIL-322,A,1
PHIL-325,A-,1
PHIL-326,A-,1
PHIL-345,A,1
PHIL-345,A-,1
PHIL-354,A,1
PHIL-360,A+,1
PHIL-411,A+,1
PHIL-425,A+,1
PHIL-425,A-,1
PHIL-438,A-,1
PHIL-447,B,1
PHIL-525,B+,1
PLUG-100,NG,67
POLS-101,A,4
POLS-101,A+,2
POLS-101,A-,2
POLS-101,B,1
POLS-101,B+,1
POLS-101,B-,2
POLS-101,W,2
POLS-103,A+,1
POLS-103,A-,1
POLS-103,B+,2
POLS-131,A,49
POLS-131,A+,23
POLS-131,A-,15
POLS-131,B,13
POLS-131,B+,4
POLS-131,B-,5
POLS-131,C,4
POLS-131,C+,1
POLS-131,D,1
POLS-131,F,1
POLS-131,I,1
POLS-131,W,2
POLS-160,A-,2
POLS-232,A,14
POLS-232,A+,4
POLS-232,A-,2
POLS-232,B,3
POLS-232,B+,1
POLS-232,B-,1
POLS-232,C+,2
POLS-232,D,2
POLS-232,F,1
POLS-232,I,1
POLS-232,RF,1
POLS-241,A+,5
POLS-241,A-,5
POLS-241,B,3
POLS-241,B-,3
POLS-241,C,2
POLS-241,C+,1
POLS-241,D,3
POLS-241,W,3
POLS-302,A-,1
PSY-100,A,456
PSY-100,A+,254
PSY-100,A-,19
PSY-100,B,169
PSY-100,B+,109
PSY-100,B-,11
PSY-100,C,71
PSY-100,C+,47
PSY-100,D,40
PSY-100,F,22
PSY-100,RD,2
PSY-100,RF,9
PSY-100,S,1
PSY-100,U,2
PSY-100,W,11
PSY-100,XB,1
PSY-100,XF,1
PSY-100,XU,1
PSY-121,A+,1
PSY-152,A,5
PSY-152,A+,1
PSY-152,A-,3
PSY-152,B,3
PSY-152,C,3
PSY-152,D,1
PSY-152,F,1
PSY-192,A,12
PSY-192,B,3
PSY-192,C,1
PSY-192,D,2
PSY-192,F,1
PSY-192,W,3
PSY-210,A,7
PSY-210,A+,3
PSY-210,A-,1
PSY-210,B,1
PSY-210,B+,2
PSY-210,D,1
PSY-210,F,1
PSY-250,A,52
PSY-250,A+,7
PSY-250,B,23
PSY-250,B+,12
PSY-250,C,8
PSY-250,C+,3
PSY-250,D,5
PSY-250,F,1
PSY-250,W,4
PSY-252,A,98
PSY-252,A+,8
PSY-252,A-,13
PSY-252,B,42
PSY-252,B+,15
PSY-252,B-,8
PSY-252,C,12
PSY-252,C+,4
PSY-252,D,3
PSY-252,F,5
PSY-252,RD,1
PSY-252,RF,2
PSY-252,W,6
PSY-252,XB,1
PSY-260,A,4
PSY-260,A+,3
PSY-260,B,3
PSY-260,B+,1
PSY-260,C,2
PSY-260,W,2
PSY-292B,A,1
PSY-292C,A,2
PSY-292C,B,2
PSY-295,S,1
PSY-300,A,2
PSY-300,A+,5
PSY-300,B+,2
PSY-300,F,1
PSY-300,W,1
PSY-305,A,1
PSY-315,A,3
PSY-315,B,1
PSY-315,B+,1
PSY-316,A,3
PSY-316,C+,2
PSY-317,A,1
PSY-317,A+,1
PSY-320,A,58
PSY-320,A+,74
PSY-320,A-,7
PSY-320,B,10
PSY-320,B+,12
PSY-320,C,4
PSY-320,C+,3
PSY-320,D,1
PSY-320,W,3
PSY-325,A,4
PSY-325,A+,4
PSY-325,B,2
PSY-325,C,1
PSY-325,C+,1
PSY-325,W,1
PSY-327,A+,1
PSY-328,A,5
PSY-328,A+,1
PSY-328,B,1
PSY-328,C+,1
PSY-328,F,1
PSY-340,A,1
PSY-341,B,1
PSY-345,A,1
PSY-345,A+,1
PSY-345,W,1
PSY-350,A,1
PSY-350,B+,1
PSY-350,C,1
PSY-350,F,1
PSY-350,RC+,1
PSY-352,A,3
PSY-352,A+,3
PSY-352,A-,5
PSY-352,B,2
PSY-352,B+,1
PSY-352,B-,3
PSY-352,C,2
PSY-352,C+,2
PSY-370,A,1
PSY-384,S,12
PSY-437,B,1
PSY-437,C+,1
PSY-452,A,9
PSY-452,A+,7
PSY-452,A-,3
PSY-452,B,6
PSY-452,B+,2
PSY-452,C,2
PSY-452,D,1
PSY-452,W,1
PSY-453,B,2
PSY-454,A,7
PSY-454,A+,5
PSY-454,A-,6
PSY-454,B,4
PSY-454,B+,4
PSY-454,B-,2
PSY-454,C,1
PSY-454,C+,2
PSY-454,D,1
PSY-454,F,1
PSY-454,W,1
PSY-455,A,10
PSY-455,A+,4
PSY-455,A-,2
PSY-455,B+,1
PSY-455,F,1
PSY-455,W,1
PSY-456,A,8
PSY-456,A+,5
PSY-456,B+,1
PSY-456,B-,1
PSY-456,D,1
PSY-456,F,1
PSY-457,A,2
PSY-457,A+,3
PSY-457,A-,1
PSY-457,B,1
PSY-457,B+,2
PSY-457,B-,1
PSY-457,C,2
PSY-457,F,1
PSY-458,A,15
PSY-458,A+,5
PSY-458,A-,11
PSY-458,B,3
PSY-458,B+,2
PSY-458,C,1
PSY-458,C+,1
PSY-458,D,3
PSY-459,A,15
PSY-459,A+,8
PSY-459,B+,3
PSY-459,B-,1
PSY-459,C,1
PSY-459,C+,1
PSY-459,D,1
PSY-459,W,1
PSY-460,A,1
PSY-465,B+,1
PSY-465,W,1
PSY-492A,A,1
PSY-492A,A+,1
PSY-493,A,1
PSY-493,B,1
PSY-495B,S,1
PSY-496B,S,6
REL-360,A,2
REL-360,A+,1
REL-360,C,1
REL-430,A+,1
RRM-101,A+,1
RRM-280A1,A,1
RRM-400,A-,2
RRM-400,NGC,2
SA-482,NG,45
SOC-100,A,81
SOC-100,A+,22
SOC-100,A-,1
SOC-100,B,17
SOC-100,B+,13
SOC-100,B-,1
SOC-100,C,7
SOC-100,C+,2
SOC-100,D,1
SOC-100,F,1
SOC-100,RF,1
SOC-100,W,2
SOC-105,A,15
SOC-105,A+,1
SOC-105,A-,1
SOC-105,B,12
SOC-105,B-,1
SOC-105,C,7
SOC-105,C+,1
SOC-105,D,3
SOC-105,F,4
SOC-105,RD,1
SOC-105,RF,1
SOC-105,W,3
SOC-205,A,14
SOC-205,A+,3
SOC-205,A-,5
SOC-205,B,7
SOC-205,B+,6
SOC-205,B-,1
SOC-205,C,2
SOC-205,F,1
SOC-205,RF,1
SOC-205,W,1
SOC-220,A,18
SOC-220,A+,6
SOC-220,A-,2
SOC-220,B,3
SOC-220,B+,1
SOC-220,B-,2
SOC-220,C,3
SOC-220,D,2
SOC-220,F,3
SOC-220,RF,1
SOC-220,W,1
SOC-253,A,4
SOC-253,A+,11
SOC-253,A-,3
SOC-253,B,1
SOC-253,B+,3
SOC-253,B-,1
SOC-253,F,1
SOC-270,B+,1
SOC-270,B-,1
SOC-271,A-,1
SOC-271,B,2
SOC-271,C,1
SOC-301,A,2
SOC-302,A+,1
SOC-302,A-,1
SOC-302,B,1
SOC-302,B+,1
SOC-311,A-,2
SOC-324,B-,1
SOC-333,A-,1
SOC-334,A-,1
SOC-344,A,1
SOC-344,C,1
SOC-352,D,1
SOC-356,A,1
SOC-357,A+,1
SOC-358,A,1
SOC-372,A,1
SOC-372,A+,1
SOC-372,F,1
SOC-482A,A,1
SOC-482B,A,1
SOCR-171,A,2
SOCR-171,NGC,2
SOCR-200,W,1
SOCR-240,W,2
SOCR-301,A,1
SOCR-320,A,1
SOCR-330,A,293
SOCR-330,A+,14
SOCR-330,A-,5
SOCR-330,B,36
SOCR-330,B+,5
SOCR-330,B-,2
SOCR-330,C,5
SOCR-330,C+,2
SOCR-330,W,1
SOCR-455,A,1
SOWK-120,A+,1
SOWK-150,A,3
SOWK-150,B,1
SOWK-150,B+,1
SPCM-100,A,89
SPCM-100,A+,15
SPCM-100,A-,69
SPCM-100,B,19
SPCM-100,B+,37
SPCM-100,B-,19
SPCM-100,C,7
SPCM-100,C+,11
SPCM-100,D,8
SPCM-100,F,3
SPCM-100,NG,1
SPCM-100,RF,1
SPCM-100,W,6
SPCM-130,A,1
SPCM-130,B,2
SPCM-130,B+,2
SPCM-130,C,2
SPCM-130,C+,1
SPCM-130,D,1
SPCM-130,NGC,11
SPCM-200,A,137
SPCM-200,A+,39
SPCM-200,A-,114
SPCM-200,B,77
SPCM-200,B+,91
SPCM-200,B-,60
SPCM-200,C,39
SPCM-200,C+,22
SPCM-200,D,8
SPCM-200,F,12
SPCM-200,RD,1
SPCM-200,RF,4
SPCM-200,W,22
SPCM-200,XB-,1
SPCM-201,A,2
SPCM-201,A+,3
SPCM-201,A-,3
SPCM-201,B,2
SPCM-201,B+,1
SPCM-201,C+,1
SPCM-207,A,1
SPCM-232,W,1
SPCM-331,B,1
SPCM-334,A-,1
SPCM-337,A,1
SPCM-341,A-,1
SPCM-342,A-,1
SPCM-350,A,1
SPCM-350,C+,1
SPCM-350,NGC,3
SPCM-357,A,1
SPCM-357,NGC,1
SPCM-358B,A+,1
SPCM-358B,NGC,1
SPCM-358C,A+,1
SPCM-358C,NGC,1
SPCM-408,B+,1
SPCM-486B,NGC,1
SPMT-201,A,7
SPMT-201,A+,3
SPMT-201,B,3
SPMT-240,A,2
SPMT-240,A+,3
SPMT-240,B-,1
SPMT-314,A,2
SPMT-314,B,1
SPMT-339,A,2
SPMT-339,B,1
SPMT-339,B+,2
SPMT-487,A,1
SPMT-487,A+,2
STAR-511,NGC,1
STAT-100,A-,1
STAT-100,B,1
STAT-100,NGC,2
STAT-158,A,6
STAT-158,B-,1
STAT-192,A-,1
STAT-201,A,25
STAT-201,A+,9
STAT-201,A-,12
STAT-201,B,49
STAT-201,B+,15
STAT-201,B-,13
STAT-201,C,15
STAT-201,C+,11
STAT-201,D,4
STAT-201,F,6
STAT-201,NGC,175
STAT-201,W,9
STAT-204,A-,1
STAT-204,B-,1
STAT-204,C,1
STAT-204,C+,1
STAT-204,NGC,7
STAT-301,A,154
STAT-301,A+,32
STAT-301,A-,44
STAT-301,B,96
STAT-301,B+,44
STAT-301,B-,26
STAT-301,C,52
STAT-301,C+,25
STAT-301,D,23
STAT-301,F,4
STAT-301,RD,1
STAT-301,RF,2
STAT-301,W,17
STAT-301,XF,1
STAT-302A,A,1
STAT-302A,A+,1
STAT-302A,B+,1
STAT-307,A,72
STAT-307,A+,31
STAT-307,A-,17
STAT-307,B,24
STAT-307,B+,12
STAT-307,B-,8
STAT-307,C,15
STAT-307,C+,6
STAT-307,D,3
STAT-307,F,2
STAT-307,RF,1
STAT-307,XF,1
STAT-315,A,1
STAT-315,A-,2
STAT-315,C,1
STAT-315,RD,1
STAT-315,RF,1
STAT-331,A+,1
STAT-341,A,1
STAT-341,A+,2
STAT-342,A,1
STAT-342,A+,2
STAT-384,A,1
STAT-420,A,1
STAT-420,C+,1
STAT-460,A,1
STAT-495,S,1
TH-141,A,11
TH-141,A+,1
TH-141,A-,3
TH-141,B,3
TH-141,B+,3
TH-141,B-,2
TH-141,C,1
TH-141,D,1
TH-400,A,1
TH-400,A+,1
VMBS-100,A,512
VMBS-100,B,81
VMBS-100,C,13
VMBS-100,D,3
VMBS-100,F,4
VMBS-100,NGC,613
VMBS-100,W,6
VMBS-101,S,1
VMBS-165,A,2
VMBS-165,A+,6
VMBS-165,B+,1
VMBS-165,B-,1
VMBS-165,C+,1
VMBS-180A1,A,2
VMBS-180A2,A+,5
VMBS-192,A,48
VMBS-192,B,6
VMBS-192,D,1
VMBS-192,F,1
VMBS-480A1,A+,2
VS-331,A,5
VS-331,B,3
VS-331,C,3
VS-331,W,2
VS-333,A,2
VS-333,C,1
VS-495,A+,1
VS-495,S,13
VS-495,W,2
VS-533,NGC,1
WR-204,A,1
WR-204,B+,1
WS-200,A,2
WS-200,A+,4
WS-200,A-,3
WS-200,B,2
WS-200,C,1
WS-270,A,1
WS-270,A+,1
WS-270,A-,1
WS-397,A+,1
WS-472,A+,1
WS-495,A+,2
