course_id,Anatomy and Physiology,Behavioral and Cognitive Neuroscience,Cell and Molecular Neuroscience,Environmental and Public Health,Exercise Science,Health Promotion,Microbiology and Infectious Disease,Neuroscience,Other
AA-100,Junior (Spring) | A,Senior (Fall) | F,,,Freshman (Fall) | B,Freshman (Fall) | B,Sophomore (Fall) | B+,,
AA-101,,,,,Sophomore (Spring) | B,,,,
AB-480A2,,,,,,Sophomore (Spring) | F,,,
AB-509,,,,,,,Senior (Fall) | B,,
ACT-205,Junior (Spring) | A+,,Junior (Spring) | A,Junior (Spring) | C+,Junior (Fall) | A,Junior (Fall) | A,Sophomore (Spring) | A,,Sophomore (Spring) | B-
ACT-210,Sophomore (Spring) | A,,,,Sophomore (Spring) | C,Freshman (Spring) | A+,,,Freshman (Spring) | B+
ACT-220,Junior (Fall) | A,,,,Junior (Fall) | A,Senior (Spring) | A,,,
AGED-110,Sophomore (Spring) | A,,,,,,Junior (Spring) | A,,
AGED-220,Junior (Fall) | A,,,,,,Junior (Fall) | A,,
AGED-330,Senior (Spring) | A,,,,,,,,
AGRI-116,Junior (Fall) | A+,,,,Sophomore (Fall) | C,,Junior (Fall) | A+,,
AHS-280A1,,Freshman (Fall) | B-,,,Sophomore (Fall) | C,Junior (Fall) | A,,,
AHS-487B,Senior (Fall) | A+,,,,,,,,
AM-101,,,,,Freshman (Fall) | B+,,,,
AM-110,,,,,Sophomore (Spring) | C,,,,
AM-130,Sophomore (Fall) | A+,,,,Freshman (Fall) | B,Sophomore (Fall) | B,Sophomore (Fall) | A,,
AM-143,,,,,Sophomore (Spring) | B-,,,,
AM-220,,,,,Sophomore (Fall) | C,,,,
AM-250,,,,Sophomore (Fall) | B,Sophomore (Fall) | A-,,Sophomore (Spring) | A,,
AM-364,Sophomore (Summer) | D,,,,,,,,
AMST-100,Junior (Spring) | A+,,Sophomore (Spring) | A+,,Sophomore (Fall) | A-,Freshman (Fall) | B,Sophomore (Fall) | A-,Sophomore (Fall) | A,
AMST-101,Sophomore (Spring) | A,Freshman (Fall) | B,Senior (Fall) | B,Sophomore (Spring) | A-,Sophomore (Fall) | A+,Sophomore (Spring) | B,Junior (Spring) | A,,Junior (Fall) | A
ANEQ-101,Freshman (Fall) | A+,,,,Freshman (Fall) | W,Freshman (Fall) | C+,Freshman (Fall) | A,,
ANEQ-102,Sophomore (Fall) | A,Freshman (Fall) | A,,,Sophomore (Fall) | B,Freshman (Fall) | F,Junior (Fall) | A,,Junior (Fall) | B
ANEQ-115,Junior (Spring) | A+,Sophomore (Spring) | A+,,,Junior (Spring) | A,,Sophomore (Spring) | A+,,
ANEQ-180A2,,,,,,,Freshman (Fall) | C,,
ANEQ-193,Freshman (Fall) | A,,,,Freshman (Fall) | A,Freshman (Fall) | B,,,
ANEQ-250,Junior (Fall) | A,,,,Sophomore (Fall) | B,,,,
ANEQ-292,Sophomore (Spring) | A+,,,,Junior (Spring) | A+,,Sophomore (Spring) | A,,
ANEQ-293,Junior (Spring) | A,,,,,,Sophomore (Spring) | A,,
ANEQ-300A,Sophomore (Spring) | A+,,,,Sophomore (Fall) | F,,,,
ANEQ-305,Sophomore (Fall) | A,,,,Junior (Spring) | B,,Junior (Fall) | A,,
ANEQ-310,Junior (Fall) | A,,,,,,,,
ANEQ-320,Senior (Fall) | A,,,,,,Senior (Fall) | A,,
ANEQ-328,Junior (Fall) | A,,,,,,Junior (Fall) | A,,
ANEQ-334,,,,,,,Senior (Summer) | A,,
ANEQ-344,,,,,,,Senior (Fall) | B+,,
ANEQ-345,,,,,,,Senior (Spring) | W,,
ANEQ-346,,,,,,,Senior (Fall) | C,,
ANEQ-351,,,,,,,Senior (Fall) | A-,,
ANEQ-360,Junior (Fall) | A,,,,,,Sophomore (Fall) | A,,
ANEQ-365,,,,,,,Senior (Spring) | A+,,
ANEQ-384,Sophomore (Spring) | S,,,,,,Junior (Fall) | S,,
ANEQ-440,,,,,,,Senior (Fall) | A,,
ANEQ-487B,,,,,,,Senior (Summer) | S,,
ANEQ-522,Senior (Fall) | A,,,,,,,,
ANTH-100,Freshman (Fall) | B,,,Freshman (Fall) | C,Sophomore (Spring) | B,Freshman (Fall) | A,Freshman (Fall) | A,,Freshman (Fall) | A
ANTH-120,Sophomore (Fall) | A,Sophomore (Spring) | A,,,Freshman (Fall) | B,Freshman (Fall) | B,Junior (Spring) | A,,Freshman (Fall) | C
ANTH-140,Sophomore (Fall) | A,Sophomore (Fall) | A,Freshman (Fall) | A,Sophomore (Spring) | A,Sophomore (Spring) | B,Sophomore (Fall) | A,Sophomore (Fall) | A,Sophomore (Fall) | A,
ANTH-200,Sophomore (Fall) | A,Junior (Spring) | A,Freshman (Fall) | A,Freshman (Fall) | B,Sophomore (Spring) | A,Junior (Fall) | A,Junior (Fall) | A,Sophomore (Fall) | A+,Freshman (Fall) | B
ANTH-240,Sophomore (Fall) | A,,Senior (Fall) | A,,,,,,
ANTH-261,,,,,Sophomore (Spring) | W,,,,
ANTH-274,,Sophomore (Spring) | A,,,Sophomore (Spring) | A,,,Sophomore (Fall) | A,
ANTH-275,Sophomore (Summer) | W,,,,,,Senior (Fall) | A,,Sophomore (Fall) | A
ANTH-356,,,,,,,Senior (Spring) | A,,
ANTH-372,Senior (Fall) | A,,,,,,,,
ANTH-379,,,,,Junior (Fall) | A,Senior (Fall) | A,,,
AREC-202,Sophomore (Fall) | A,,,Freshman (Fall) | C,Sophomore (Fall) | C,Freshman (Fall) | C,Freshman (Spring) | A+,,Freshman (Fall) | A
AREC-222,Senior (Fall) | A,,,,,Junior (Fall) | B+,Freshman (Fall) | C+,,
AREC-240,,,,Sophomore (Fall) | A,,,Freshman (Fall) | B+,,
AREC-342,,,,Junior (Spring) | A,Junior (Spring) | A,,Senior (Spring) | A,,
AREC-375,,,,,,,Senior (Fall) | A+,,
ART-100,Sophomore (Fall) | A+,Sophomore (Spring) | A+,Junior (Fall) | A,Sophomore (Fall) | B,Sophomore (Fall) | A+,Sophomore (Fall) | A-,Sophomore (Spring) | A+,Freshman (Fall) | C+,Freshman (Fall) | A+
ART-105,,,,,Freshman (Fall) | A-,,Sophomore (Spring) | A+,,
ART-110,,,,,Freshman (Fall) | B+,,,,
ART-111,,,,,Sophomore (Spring) | B-,,,,
ART-200,,,,,,Freshman (Fall) | A-,,,
AS-101,,Sophomore (Fall) | A,,,Freshman (Fall) | A,Freshman (Fall) | A+,,,Freshman (Fall) | A
AS-102,,Sophomore (Spring) | A,,,Sophomore (Spring) | A,Sophomore (Spring) | A,,,
AS-201,,Junior (Fall) | W,,,Sophomore (Fall) | A,Sophomore (Fall) | A,,,
AS-202,,,,,Junior (Spring) | A+,Junior (Spring) | A+,,,
AS-301,,,,,Junior (Fall) | A+,Junior (Fall) | A,,,
AS-302,,,,,Senior (Spring) | A+,,,,
AS-401,,,,,Senior (Fall) | A,,,,
ATS-150,Sophomore (Spring) | B+,Sophomore (Fall) | B+,,,Sophomore (Fall) | A-,Freshman (Fall) | A+,Sophomore (Fall) | A,,
ATS-350,Sophomore (Fall) | A,,,Junior (Fall) | B,Senior - Second Bachelor (Fall) | A+,,,,
BC-192,Sophomore (Fall) | NGC,Freshman (Fall) | NGC,,Sophomore (Fall) | NGC,Sophomore (Fall) | NGC,,Sophomore (Fall) | NGC,,Freshman (Fall) | NGC
BC-295,Sophomore (Spring) | A+,,,,,,,,
BC-351,Senior (Fall) | A,Senior (Fall) | B,,Senior (Fall) | B,Senior (Spring) | A,Senior (Fall) | B-,Senior (Fall) | B,,Senior (Fall) | A
BC-401,Senior (Fall) | A+,Junior (Fall) | A+,Senior (Fall) | A,Junior (Fall) | A,,,Senior (Fall) | A,,
BC-403,,Senior (Spring) | A,Senior (Spring) | A,,,,,,
BC-405,,,Senior (Spring) | A,,,,,,
BC-411,,,Senior (Fall) | A,,,,,,
BC-463,,Senior (Fall) | A,Senior (Fall) | A,,,,,,
BC-465,Senior (Summer) | A-,,Senior (Spring) | A,,,,,,
BC-484,Senior (Fall) | A,Senior (Spring) | A,Senior (Fall) | A+,,Junior (Fall) | A-,,,,Senior (Fall) | A+
BC-496,,Junior (Fall) | A,Senior (Fall) | A+,,,,,,
BC-498,Senior (Fall) | A,,,,,,,,
BC-566,Senior (Spring) | A,,,,,,,,
BIOM-100,Junior (Fall) | A,,Sophomore (Fall) | A,,Sophomore (Fall) | A,Sophomore (Fall) | B+,Sophomore (Fall) | A,,
BIOM-109,Freshman (Fall) | A,,,,,Freshman (Fall) | A,Freshman (Fall) | A,,
BIOM-200,Senior (Fall) | A,,,,Junior (Fall) | B+,,,,
BIOM-304,Senior (Spring) | B-,,,,,,,,
BIOM-350A,,Senior (Summer) | A+,,,Senior (Summer) | A+,,,,
BIOM-350B,Senior (Spring) | A,,,,,,,,
BIOM-350C,Senior (Spring) | A,,,,,,,,
BMS-200,Junior (Spring) | A,Junior (Spring) | A,Junior (Spring) | A,Junior (Spring) | A,Junior (Spring) | A,Junior (Spring) | A,Junior (Spring) | A,,Junior (Spring) | A
BMS-260,Sophomore (Spring) | B,,,,Sophomore (Spring) | B,Sophomore (Spring) | C,Sophomore (Spring) | A-,,Sophomore (Spring) | A
BMS-296,Sophomore (Spring) | A,,,,Sophomore (Spring) | A,,Sophomore (Spring) | A,,
BMS-300,Junior (Spring) | A,Junior (Fall) | B,Junior (Fall) | A,Junior (Spring) | B,Junior (Spring) | A,Junior (Spring) | C,Senior (Fall) | A,Junior (Fall) | A,Junior (Fall) | B
BMS-301,Senior (Fall) | A,Senior (Fall) | A,Senior (Fall) | B,Senior (Fall) | B,Senior (Fall) | B,Senior (Fall) | D,Senior (Fall) | A,,Senior (Fall) | B
BMS-302,Junior (Spring) | A,Senior (Fall) | A,Senior (Fall) | A,Junior (Fall) | A-,Junior (Fall) | B,Junior (Spring) | C,Senior (Spring) | A,,Junior (Spring) | B
BMS-304,Senior (Fall) | A,,,,,,,,
BMS-305,Junior (Spring) | A,Junior (Spring) | W,,,,,Senior (Spring) | A,,
BMS-320,,,,,Senior (Spring) | B,,,,
BMS-325,Senior (Fall) | A,Senior (Fall) | A,Senior (Fall) | B,,Senior (Spring) | A,,,,Junior (Fall) | B
BMS-330,Senior (Spring) | A,,,,Senior (Spring) | A,,,,
BMS-345,Senior (Fall) | B,Senior (Fall) | C,Senior (Fall) | B,,,Junior (Fall) | W,Senior (Fall) | W,,Junior (Fall) | B
BMS-384,Senior (Fall) | A,Junior (Fall) | A,Senior (Spring) | A,,Senior (Fall) | A,Senior (Spring) | A+,Senior (Fall) | A,,
BMS-400,Senior (Spring) | A,,,,,,,,
BMS-405,Senior (Spring) | A,Senior (Spring) | A,Senior (Spring) | B+,,Senior (Spring) | B+,,,,
BMS-409,Senior (Fall) | B,Senior (Fall) | A,Senior (Fall) | C,,,,,,
BMS-420,Senior (Fall) | A,,,,Senior (Fall) | B+,,Senior (Fall) | A,,
BMS-421,Senior (Fall) | A,,,,,,Senior (Fall) | A,,
BMS-425,,,Junior (Spring) | A,,,,,,
BMS-430,Senior (Fall) | A,,Senior (Fall) | A,,Senior (Fall) | A,,,,
BMS-450,Senior (Spring) | A,,,,,,,,
BMS-460,Senior (Fall) | A,,,,,,,,
BMS-461,Senior (Fall) | A,,,,,,,,
BMS-487,Junior (Fall) | I,,,,,,,,
BMS-495,Senior (Spring) | A,,,,,,,,
BMS-496A,Senior (Fall) | A,Senior (Fall) | A,Senior (Fall) | A,,Senior (Fall) | A,Senior (Fall) | A,,,
BMS-496B,Junior (Spring) | A+,,,,,,Senior (Spring) | A+,,
BMS-496C,Junior (Spring) | A,,,,Junior (Spring) | A,Junior (Spring) | A,Senior (Spring) | A,,
BMS-496D,Senior (Spring) | A,,,,,,,,
BMS-498,Senior (Spring) | A,Senior (Spring) | A,Senior (Spring) | A,,,,,,
BMS-500,Senior (Fall) | B,,,,,,,,
BMS-501,Senior (Spring) | A,,,,,,,,
BMS-521,Senior (Spring) | B,,,,,,,,
BMS-545,,Senior (Spring) | A,,,,,,,
BSPM-102,Sophomore (Summer) | A,Sophomore (Summer) | A,,,Freshman (Summer) | B,Freshman (Fall) | A,Sophomore (Spring) | B,,Freshman (Spring) | B
BSPM-302,,,,Sophomore (Fall) | F,Junior (Fall) | B-,,Junior (Fall) | A,,
BSPM-361,,Senior (Spring) | C+,,,,,Junior (Spring) | A,,
BSPM-365,,Senior (Fall) | D,,,,,,,
BUS-100,Sophomore (Fall) | A,,,,Freshman (Fall) | A,Freshman (Fall) | B,,,Freshman (Fall) | A
BUS-105,Freshman (Fall) | A,,,,Freshman (Fall) | A,Freshman (Fall) | A-,,,
BUS-150,Senior (Fall) | A+,Freshman (Fall) | A,Junior (Fall) | A-,,Sophomore (Fall) | A,Freshman (Fall) | A,Senior (Fall) | A+,,
BUS-201,Junior (Summer) | A,,,,Freshman (Fall) | A,Junior (Fall) | A,,,Freshman (Fall) | A
BUS-205,,Senior (Fall) | A,,,Junior (Summer) | A,Junior (Spring) | A,,,
BUS-210,,,,,Junior (Fall) | A,,,,
BUS-220,Junior (Fall) | A+,Sophomore (Fall) | A,,Sophomore (Fall) | A,Junior (Fall) | A,Sophomore (Fall) | A,Sophomore (Fall) | A,,Sophomore (Summer) | A-
BUS-225,,,,,,Senior (Fall) | A,,,
BUS-250,Freshman (Fall) | A-,,,,Freshman (Fall) | A-,Freshman (Fall) | A-,,,
BUS-260,Sophomore (Fall) | B,,,,Sophomore (Spring) | A,Sophomore (Fall) | B,,,
BUS-269,,,,,,Sophomore (Fall) | A-,,,
BUS-300,Sophomore (Spring) | B,,,,,Junior (Spring) | A+,,,
BUS-361,,,,,,Freshman (Fall) | A+,,,
BUS-380A5,Senior (Fall) | A+,,,,,,,,
BUS-405A,Senior (Fall) | A,,,,Senior (Fall) | A,,,,
BUS-479,Senior (Fall) | B-,,,,,,,,
BZ-101,Freshman (Fall) | A,Freshman (Fall) | B,,,Freshman (Fall) | C,Sophomore (Fall) | C,,,Freshman (Fall) | C+
BZ-104,,,,,Freshman (Fall) | B+,Freshman (Fall) | B,,,
BZ-110,Sophomore (Fall) | A-,Sophomore (Fall) | A+,,Freshman (Fall) | B,Sophomore (Fall) | A,Freshman (Fall) | C,Junior (Summer) | A,,
BZ-120,,,,Freshman (Spring) | B-,Sophomore (Spring) | A,Sophomore (Fall) | A,,,
BZ-182A,Sophomore (Fall) | A+,,,,,Freshman (Fall) | A+,,,
BZ-192,Freshman (Fall) | A,,,,Freshman (Fall) | A+,,Freshman (Fall) | A+,,
BZ-212,Junior (Fall) | A,,Sophomore (Fall) | B-,,Junior (Fall) | C+,,Senior (Fall) | A+,,
BZ-214,Sophomore (Spring) | B,,Sophomore (Spring) | B,,,,Senior (Spring) | A,,
BZ-220,Sophomore (Fall) | A,,Sophomore (Spring) | B,,Sophomore (Spring) | C,Sophomore (Fall) | C,Junior (Fall) | A,,Junior (Fall) | A+
BZ-223,Senior (Fall) | A,,,,Junior (Fall) | C,,,,
BZ-240,,,,,,,,,Junior (Spring) | C
BZ-300,Junior (Fall) | D,,,,Junior (Fall) | F,,,,
BZ-310,Junior (Fall) | A,,,Senior (Spring) | A,Senior (Spring) | B+,,Senior (Fall) | A,,Junior (Fall) | A
BZ-311,,,,,,,,,Junior (Spring) | A
BZ-333,,,,,,,Senior (Summer) | B+,,
BZ-350,Junior (Fall) | A,,,,Senior (Fall) | C,,Junior (Spring) | A,,Senior (Spring) | C+
BZ-360,,Senior (Fall) | B,,,,,Senior (Fall) | A,,Senior (Fall) | A
BZ-384,Junior (Spring) | A,Sophomore (Spring) | A+,,,,,Sophomore (Spring) | A+,,
BZ-418,,,,,,,Senior (Spring) | A,,
BZ-420,,,,,,,,,Junior (Fall) | A+
BZ-435A,Junior (Spring) | A,,,,,,,,
BZ-450,Senior (Spring) | B,,,,,,,,
BZ-475,,,,,,,Senior (Fall) | A,,
BZ-480A4,,,,,,,Sophomore (Fall) | A,,
BZ-498,Senior (Fall) | A,,,,,,Junior (Fall) | W,,
BZ-541,Senior (Spring) | A,,,,,,,,
CBE-101,,,,,Junior (Spring) | B,Freshman (Spring) | RD,Sophomore (Spring) | C,,
CBE-101A,Freshman (Spring) | A-,,,,Sophomore (Spring) | A,Sophomore (Fall) | F,Freshman (Fall) | B+,,
CBE-201,,,,,Junior (Fall) | C,,Junior (Fall) | B-,,
CBE-205,,,,,Junior (Fall) | C,,Junior (Fall) | C,,
CBE-210,,,,,Senior (Spring) | W,,Junior (Spring) | W,,
CBE-393,,,,,Senior (Spring) | A+,,Junior (Spring) | B+,,
CHEM-103,Freshman (Spring) | B,Sophomore (Fall) | C,,,Freshman (Fall) | B,Freshman (Fall) | B,,,
CHEM-105,Sophomore (Fall) | A,Freshman (Fall) | A,Junior (Fall) | A,,Sophomore (Spring) | A,Sophomore (Fall) | B,Sophomore (Fall) | A,,Freshman (Fall) | B
CHEM-107,,,Senior (Summer) | A+,Freshman (Spring) | B-,Sophomore (Spring) | D,Sophomore (Spring) | C,,,Sophomore (Spring) | C
CHEM-108,,,,,,Senior (Fall) | A,,,
CHEM-111,Sophomore (Fall) | A,Sophomore (Fall) | A,Sophomore (Fall) | A,Sophomore (Fall) | F,Sophomore (Spring) | C,Sophomore (Spring) | C,Sophomore (Fall) | A,Freshman (Fall) | C,Sophomore (Fall) | A
CHEM-113,Sophomore (Spring) | A-,Sophomore (Spring) | C,Junior (Spring) | A,Sophomore (Fall) | C,Junior (Fall) | C,Sophomore (Fall) | W,Sophomore (Spring) | A,Junior (Fall) | B-,Junior (Fall) | C
CHEM-120,,,,,Freshman (Fall) | A-,,Freshman (Fall) | A,,
CHEM-192,,,,,Freshman (Fall) | A,,Freshman (Fall) | A,,
CHEM-231,Sophomore (Fall) | A,,,,,,Senior (Fall) | A+,,
CHEM-241,Junior (Spring) | A,,,,,,Sophomore (Spring) | A,,
CHEM-245,Junior (Fall) | A,,Sophomore (Spring) | B-,Junior (Spring) | D,Junior (Fall) | A,Junior (Fall) | B,Junior (Fall) | A,,Senior (Fall) | B+
CHEM-263,Junior (Spring) | A,,,Junior (Spring) | B,,Sophomore (Spring) | C,,,
CHEM-311,,,,,Senior (Fall) | W,,Senior (Fall) | B+,,
CHEM-320,Senior (Fall) | A+,Senior (Fall) | A,Senior (Fall) | A-,,Senior (Fall) | A,,Senior (Fall) | A-,,
CHEM-333,Senior (Fall) | A+,Senior (Fall) | A+,,,,,Senior (Fall) | A,,
CHEM-338,Senior (Spring) | A-,,,Senior (Spring) | A-,,,,,
CHEM-341,Junior (Fall) | A,Junior (Fall) | A,Junior (Fall) | A,Senior (Fall) | B,Junior (Fall) | A,Junior (Fall) | C,Junior (Fall) | A,Junior (Fall) | B,Junior (Fall) | W
CHEM-343,Junior (Spring) | A,Senior (Spring) | B,Senior (Spring) | A,Junior (Spring) | C+,Senior (Spring) | A,Senior (Spring) | W,Junior (Spring) | B,,Senior (Spring) | W
CHEM-384,Senior (Fall) | A,,Junior (Fall) | A,,Senior (Fall) | A,,,,
CHEM-445,Junior (Fall) | W,,Senior (Fall) | B-,,,,Senior (Fall) | A,,
CHEM-448,Senior (Spring) | A,Senior (Spring) | B,,,Senior (Spring) | A,,,,
CIS-200,Senior (Fall) | A,,Junior (Summer) | A,,Freshman (Fall) | A,Sophomore (Fall) | A,,,Freshman (Spring) | A-
CIS-240,Senior (Spring) | C,,,,,,,,
CIS-310,Senior (Fall) | B+,,,,,,,,
CIS-320,Senior (Spring) | B+,,,,,,,,
CIS-340,Senior (Spring) | B-,,,,,,,,
CIS-370,Senior (Spring) | A-,,,,,,,,
CIS-411,Senior (Spring) | B+,,,,,,,,
CIS-575,Senior (Fall) | W,,,,,,,,
CIVE-102,,Freshman (Fall) | A,,,,Sophomore (Fall) | A+,,,
CIVE-103,,,,,,Sophomore (Spring) | B+,,,
CIVE-260,,,,Sophomore (Spring) | B-,Junior (Fall) | C,,,,
CIVE-261,Senior (Fall) | A+,,,,Junior (Spring) | F,,,,
CIVE-360,Senior (Summer) | A+,,,,,,,,
CO-130,Sophomore (Fall) | A,Freshman (Fall) | C,,,Freshman (Spring) | A-,Sophomore (Spring) | B-,,Freshman (Fall) | C,Freshman (Fall) | A
CO-150,Sophomore (Spring) | A,Sophomore (Spring) | A,Sophomore (Spring) | A,Freshman (Spring) | A,Sophomore (Spring) | A,Sophomore (Spring) | A,Sophomore (Spring) | A,Freshman (Fall) | A,Freshman (Spring) | B+
CO-300,Junior (Fall) | A+,Junior (Fall) | A,Junior (Spring) | A,Junior (Fall) | A,Junior (Fall) | A,Sophomore (Fall) | A-,Junior (Spring) | A+,Sophomore (Fall) | A,Junior (Fall) | A+
CO-301A,Junior (Fall) | A-,,,,,,Junior (Fall) | A,,
CO-301B,Junior (Fall) | A,Junior (Fall) | A,Junior (Spring) | A,Junior (Fall) | A,Junior (Fall) | A,Junior (Fall) | A,Junior (Fall) | A,Junior (Fall) | B,Junior (Fall) | A
CO-302,,,,,,Junior (Fall) | B,,,
CON-101,Freshman (Fall) | B,,,,,Freshman (Fall) | A,,,
CON-151,Freshman (Spring) | B,,,,,,Junior (Fall) | B,,
CON-192,Sophomore (Fall) | A,,,,,,,,
CON-251,Sophomore (Fall) | A+,,,,,,,,
CON-265,Sophomore (Fall) | A,,,,,,,,
CON-317,Junior (Spring) | A,,,,,,,,
CON-353,Junior (Spring) | A,,,,,,,,
CON-358,Junior (Spring) | B,,,,,,,,
CON-366,Junior (Spring) | B,,,,,,,,
CS-110,Freshman (Fall) | A,Freshman (Fall) | A,Junior (Fall) | B,Sophomore (Spring) | A,Freshman (Fall) | A,Freshman (Fall) | A,Sophomore (Fall) | A,,Sophomore (Fall) | A
CS-150B,Sophomore (Fall) | A,Sophomore (Fall) | A,Senior (Fall) | A,Sophomore (Spring) | A,Freshman (Fall) | A,Freshman (Fall) | A,Junior (Fall) | A,,Freshman (Fall) | A
CS-152,Junior (Spring) | A,,,,Freshman (Fall) | C,Sophomore (Spring) | B,Junior (Spring) | A,,
CS-162,,,Sophomore (Spring) | B,,Freshman (Fall) | B,Sophomore (Spring) | B,Junior (Fall) | B+,,
CS-163,Sophomore (Spring) | B,,Junior (Fall) | A,,,Sophomore (Fall) | W,,,
CS-164,Sophomore (Spring) | A,Junior (Spring) | C,Senior (Fall) | B,,Freshman (Spring) | B,,Junior (Spring) | A,,
CS-165,Junior (Summer) | A+,,Junior (Spring) | A,,Freshman (Spring) | C,Junior (Fall) | C,,,
CS-192,,,,,Freshman (Fall) | A,,,,
CS-201,Senior (Spring) | A+,,Senior (Fall) | C+,,Junior (Fall) | C,,,,
CS-214,,,Senior (Fall) | B-,,,Junior (Spring) | W,,,
CS-220,Senior (Summer) | A,,Senior (Fall) | A,,Junior (Fall) | C,,Junior (Fall) | A,,
CS-250,,,Senior (Summer) | A,,,,,,
CS-312,,,Senior (Spring) | A,,,,,,
CS-314,,,Senior (Fall) | A,,,,,,
CS-320,,,Senior (Fall) | C+,,,,,,
CS-345,,,Senior (Spring) | A,,,,Senior (Spring) | A+,,
CS-356,,,Senior (Fall) | B,,,,,,
CS-435,,,Senior (Fall) | C,,,,,,
CT-301,,,,,,Junior (Spring) | W,,,
D-110,Sophomore (Fall) | A,Freshman (Fall) | A+,,,Junior (Fall) | A+,Sophomore (Spring) | A+,Freshman (Spring) | C,Sophomore (Spring) | A,Freshman (Fall) | A+
DM-182A,,,,Freshman (Fall) | A+,,,,,
DM-192A,,,,,Sophomore (Spring) | A,,,,
DM-192B,,Freshman (Spring) | D,,,Sophomore (Spring) | C,,,,
DM-272,,,,,Freshman (Fall) | B,,,,
DSCI-235,,,Senior (Spring) | A,,,,,,
DSCI-320,,,Senior (Fall) | B,,,,,,
DSCI-335,,Senior (Spring) | A+,Senior (Spring) | A,,,,,,
DSCI-336,,,Senior (Spring) | A,,,,,,
DSCI-369,Sophomore (Spring) | A+,,Senior (Spring) | A-,,,,,,
DSCI-445,,,Senior (Fall) | D,,,,,,
DSCI-478,,,Senior (Spring) | A,,,,,,
E-140,Freshman (Fall) | B,Freshman (Fall) | A,Freshman (Spring) | A,Freshman (Fall) | A,Freshman (Fall) | A,Freshman (Fall) | A-,Sophomore (Fall) | A+,,
E-142,Freshman (Fall) | A,Freshman (Fall) | B+,Sophomore (Fall) | A-,,Sophomore (Spring) | A,Junior (Spring) | B-,Sophomore (Fall) | A,,
E-150,,,,,,Freshman (Fall) | D,,,
E-202,Senior (Spring) | A+,,,,,,,,
E-204,,,,,,,Junior (Spring) | A,,
E-206,,,Sophomore (Spring) | A,,,,,,
E-210,Junior (Spring) | A+,Sophomore (Spring) | A+,Junior (Fall) | A-,,Sophomore (Fall) | A+,Freshman (Fall) | A-,Sophomore (Spring) | A,,Junior (Fall) | B-
E-232,Sophomore (Fall) | A,Freshman (Fall) | A,,,Freshman (Fall) | A,Sophomore (Fall) | A-,Sophomore (Fall) | A,Sophomore (Fall) | A,
E-236,Sophomore (Fall) | A,Junior (Spring) | A-,Junior (Fall) | A,,Sophomore (Fall) | A,Sophomore (Fall) | A+,Freshman (Fall) | A,,Freshman (Fall) | C
E-237,Freshman (Fall) | A+,,,Sophomore (Fall) | F,Freshman (Fall) | C+,,,,
E-238,Sophomore (Fall) | A-,,,,Sophomore (Spring) | A+,,Freshman (Spring) | W,,
E-240,,,,,,Freshman (Fall) | A+,,,
E-242,Sophomore (Fall) | A+,,,,Sophomore (Fall) | A+,,Junior (Spring) | A,,
E-245,Sophomore (Fall) | A,Sophomore (Fall) | A,Junior (Spring) | A,,Junior (Fall) | A,Freshman (Fall) | C,Freshman (Spring) | W,,
E-270,Sophomore (Fall) | A+,Junior (Fall) | A-,,,Freshman (Spring) | B-,Sophomore (Fall) | C,,,
E-276,Freshman (Fall) | A,,,,Freshman (Fall) | C,,Sophomore (Fall) | A,,
E-277,,,,,,Freshman (Spring) | W,Freshman (Fall) | C,,
E-311A,,,,,Junior (Fall) | A,Junior (Fall) | A-,Senior (Fall) | A+,,
E-311B,,,,,,Sophomore (Spring) | A-,Junior (Fall) | A+,,
E-328,,Senior (Spring) | W,,,,,,,
E-333,,,,,Sophomore (Fall) | A+,,,,
E-352,,,Senior (Summer) | A+,,,,,,
E-412A,,,,,Junior (Spring) | A,,,,
EAP-102,Freshman (Fall) | A-,,,,,,,,
ECE-102,,,Sophomore (Fall) | C,,Freshman (Fall) | D,,,,
ECE-204,Senior (Spring) | A,,,,Junior (Spring) | F,,,,
ECON-101,Sophomore (Spring) | B,,Sophomore (Spring) | A+,Sophomore (Fall) | B+,Sophomore (Fall) | A+,Freshman (Fall) | A,,,
ECON-202,Freshman (Fall) | A-,Sophomore (Spring) | A,Sophomore (Spring) | A,Junior (Fall) | B,Sophomore (Fall) | B-,Junior (Fall) | C,Junior (Fall) | A+,,Sophomore (Spring) | A
ECON-204,Junior (Fall) | A-,,,,Junior (Spring) | A-,Sophomore (Fall) | W,,,Freshman (Spring) | A-
ECON-211,Freshman (Fall) | A,Freshman (Spring) | B-,Sophomore (Fall) | A+,Sophomore (Fall) | B+,Sophomore (Fall) | A-,Sophomore (Spring) | A,Freshman (Spring) | A+,Freshman (Fall) | A+,Sophomore (Fall) | A-
ECON-212,Sophomore (Fall) | A,Freshman (Fall) | A-,Sophomore (Fall) | A,Freshman (Fall) | B-,Sophomore (Fall) | B,Junior (Fall) | B+,,,
ECON-235,,,,,Senior (Summer) | A+,,,,
ECON-240,,Freshman (Fall) | B-,,Junior (Fall) | B,Freshman (Fall) | C+,Freshman (Fall) | A,,,
EDUC-275,Freshman (Fall) | A+,,,,Freshman (Fall) | A,Junior (Fall) | A+,Junior (Spring) | A,,
ENGR-101,,,Freshman (Fall) | B+,,,,Sophomore (Fall) | A,,
ENGR-120,,,,,Freshman (Fall) | A,,,,
ENGR-180A2,Junior (Fall) | A+,Freshman (Fall) | A+,Freshman (Fall) | A,,Sophomore (Fall) | A+,Freshman (Fall) | A,Sophomore (Fall) | A,,
ENGR-533,Senior (Fall) | A,,,,,,,,
ERHS-210,,,,Sophomore (Fall) | XB,,,,,
ERHS-220,Sophomore (Fall) | A+,,,Sophomore (Fall) | A+,Sophomore (Spring) | C,Sophomore (Fall) | A,Sophomore (Fall) | A+,,Sophomore (Fall) | A+
ERHS-320,,,,Senior (Fall) | A-,,,Junior (Fall) | A-,,Senior (Fall) | A-
ERHS-332,Junior (Spring) | B,,,Senior (Spring) | A,,,Senior (Spring) | A,,Senior (Spring) | B
ERHS-340,Junior (Fall) | A,,,Junior (Fall) | B,Senior (Fall) | A,,Senior (Fall) | A,,
ERHS-350,,,,Senior (Fall) | A,,,,,Senior (Fall) | A
ERHS-380A1,,,,Senior (Spring) | A,,,,,
ERHS-410,,,,Senior (Spring) | B+,,,,,Senior (Spring) | A+
ERHS-430,Senior (Fall) | A,,,Senior (Fall) | A,,,Senior (Fall) | A,,Senior (Fall) | A
ERHS-446,,,,Senior (Fall) | A,,,,,Senior (Fall) | A
ERHS-448,,,,Senior (Fall) | A,,,,,
ERHS-450,,,,Senior (Spring) | B+,,,Junior (Spring) | A,,Senior (Spring) | A-
ERHS-479,,,,Senior (Spring) | A,,,,,Junior (Spring) | A
ERHS-482A,Senior (Summer) | A+,,,Senior (Summer) | A+,,,,,
ERHS-484,,,,Senior (Fall) | S,,,,,
ERHS-487,,,,Senior (Summer) | A,,,,,Junior (Summer) | A
ERHS-498,,,,Senior (Fall) | A,,,,,Junior (Fall) | A
ERHS-501,,,,,,Senior (Fall) | A,,,
ESS-120,,,,Freshman (Fall) | B+,Freshman (Fall) | A+,Freshman (Fall) | A+,Junior (Fall) | A+,,
ESS-129,,,,Freshman (Fall) | B,Sophomore (Fall) | B,Freshman (Fall) | B,Junior (Fall) | A+,,
ESS-130,,,,Freshman (Spring) | A-,Sophomore (Spring) | A+,Freshman (Spring) | W,Junior (Spring) | A+,,
ESS-210,,,,,Freshman (Fall) | C,,,,
ETST-100,Junior (Fall) | A,Freshman (Fall) | A,Freshman (Fall) | A,Junior (Fall) | A,Sophomore (Fall) | A-,Sophomore (Fall) | A,Sophomore (Spring) | A,,Freshman (Fall) | B
ETST-110,Freshman (Summer) | S,Freshman (Summer) | S,,,Freshman (Summer) | S,,Freshman (Summer) | S,,
ETST-120,,,,,Freshman (Summer) | S,Freshman (Summer) | S,,,
ETST-201,,,,,,,Freshman (Fall) | B+,,
ETST-205,Sophomore (Fall) | A,Freshman (Fall) | A,,,Sophomore (Fall) | A,Junior (Fall) | B,Freshman (Fall) | A,Freshman (Fall) | C,
ETST-240,Sophomore (Fall) | A,,,,Freshman (Fall) | A,,Junior (Fall) | A+,,Freshman (Fall) | B-
ETST-242,,,,,,Freshman (Spring) | W,,,
ETST-250,Junior (Fall) | C,Freshman (Fall) | A+,Sophomore (Fall) | A+,Freshman (Fall) | D,Freshman (Fall) | A+,Freshman (Fall) | A-,Junior (Fall) | A,,Sophomore (Fall) | B
ETST-252,Sophomore (Fall) | A,Sophomore (Fall) | A-,,Junior (Summer) | A-,Sophomore (Fall) | A-,Freshman (Summer) | A,Sophomore (Fall) | A,,
ETST-253,Junior (Summer) | A+,Junior (Summer) | A+,Senior (Fall) | A+,Sophomore (Summer) | A,Freshman (Fall) | B+,,,,
ETST-255,,,,,Junior (Spring) | A+,Sophomore (Fall) | A+,,,
ETST-257,,,,,Freshman (Fall) | A,,,,
ETST-260,,,,Junior (Spring) | A+,,,Junior (Spring) | A-,,
ETST-265,,,,,Sophomore (Fall) | A,,,,
ETST-270,,,,,Sophomore (Fall) | A-,,,,
ETST-277,,,,,Freshman (Fall) | A,Freshman (Fall) | B+,,,
ETST-305,Senior (Fall) | A+,,,,,,Senior (Fall) | A,,
ETST-354,Sophomore (Fall) | A,,,,,,,,
ETST-420,,,,,Senior (Fall) | A,,,,
ETST-430,,,,,,,Senior (Spring) | A+,,
ETST-444,Senior (Spring) | A+,,,,,,,,
F-101,,,,,Sophomore (Fall) | A,,,,
F-209,,,,,Sophomore (Fall) | A,,,,
F-313,,,,,Sophomore (Spring) | C,,,,
FACS-320,,,,Junior (Summer) | B+,Junior (Fall) | A+,Junior (Fall) | A,Senior (Fall) | A,,Sophomore (Fall) | C
FIN-200,Senior (Fall) | A,,,Sophomore (Spring) | A,Senior (Fall) | A,Junior (Fall) | A,Senior (Fall) | A,Junior (Fall) | A,
FIN-300,Junior (Summer) | C+,,,,,Senior (Fall) | A+,,,
FIN-305,Senior (Fall) | A,,Senior (Fall) | A,Senior (Summer) | A,Junior (Spring) | A,Senior (Fall) | A,,,
FIN-310,,,,,,Junior (Spring) | C,,,
FSHN-115,Senior (Fall) | A,,,,Junior (Spring) | A,Junior (Spring) | A,,,Freshman (Fall) | F
FSHN-125,Junior (Fall) | A+,Freshman (Fall) | C+,,Sophomore (Fall) | XF,Freshman (Fall) | A,Freshman (Fall) | A,Sophomore (Spring) | B,,Freshman (Fall) | A
FSHN-150,Sophomore (Fall) | A,Junior (Spring) | A+,,Sophomore (Fall) | A-,Sophomore (Fall) | A,Sophomore (Fall) | A,Sophomore (Fall) | A,,Freshman (Fall) | A
FSHN-180A2,Sophomore (Fall) | A,,,,,Freshman (Fall) | A,,,
FSHN-192,,,,,Freshman (Fall) | A,Freshman (Fall) | A,,,
FSHN-220,Senior (Fall) | A,,,,Senior (Fall) | A,Junior (Fall) | B+,,,Junior (Fall) | A
FSHN-292,,,,,Sophomore (Fall) | A+,Senior (Fall) | A+,,,
FSHN-300,,,,Senior (Fall) | A,Senior (Spring) | A,,,,
FSHN-340,Senior (Spring) | A,,,,Senior (Spring) | A,Junior (Spring) | A,,,
FSHN-342A,,,,,Junior (Summer) | A+,Sophomore (Summer) | A+,,,
FSHN-350,Senior (Spring) | A,Senior (Fall) | A,,Senior (Fall) | D,Junior (Spring) | A,Junior (Fall) | B,,,Junior (Fall) | A-
FSHN-360,,,,,,Junior (Spring) | A,,,
FSHN-382A,,,,,Sophomore (Summer) | A+,,,,
FSHN-428,,Senior (Spring) | A+,,,Senior (Spring) | A,Senior (Spring) | A,,,
FSHN-435,,,,,Senior (Summer) | A,,,,
FSHN-444,Senior (Fall) | A,,,,Senior (Fall) | A,Senior (Fall) | A,,,
FSHN-445,,,,,Senior (Fall) | A+,,,,
FSHN-449,,Senior (Fall) | A+,,,Senior (Fall) | A-,Junior (Fall) | W,,,
FSHN-451,Senior (Fall) | C+,,,,,,,,
FSHN-453,,,,,Senior (Spring) | A+,Senior (Spring) | A,,,
FSHN-455,Senior (Fall) | B+,,,,Senior (Fall) | A+,,,,
FSHN-459,Senior (Fall) | D,Senior (Fall) | A,,,Senior (Fall) | A,Senior (Fall) | A,,,
FSHN-461,,,,,Senior (Fall) | A+,,,,
FSHN-470,,Senior (Spring) | B,,,,,,,
FSHN-480A1,,,,,Senior (Spring) | B,,,,
FSHN-486B,,,,,Junior (Fall) | S,,,,
FSHN-525,,,,,,Junior (Fall) | A+,,,
FTEC-110,,,Sophomore (Spring) | A,,,Junior (Summer) | C,,,
FTEC-115,Sophomore (Fall) | A,,,Senior (Spring) | A,Junior (Fall) | A,Junior (Spring) | A,Senior (Spring) | A,,
FTEC-155,,,,,Sophomore (Fall) | B,,,,
FTEC-210,Senior (Fall) | A-,,,,,Sophomore (Fall) | D,,,
FTEC-292,,,,,,Junior (Fall) | A,,,
FTEC-360,,,,,,,Senior (Spring) | B,,
FTEC-400,Junior (Fall) | A+,,,Junior (Fall) | A,,,,,Junior (Fall) | A
FTEC-574,,,,,,,Senior (Spring) | A,,Senior (Spring) | A
FW-104,,Freshman (Fall) | B-,,Freshman (Spring) | B-,Sophomore (Fall) | A,Freshman (Spring) | C,Sophomore (Spring) | A,,
FW-179,Sophomore (Spring) | A+,,,Freshman (Spring) | B-,Sophomore (Fall) | A,Junior (Spring) | B,,,
FW-380A1,,,,,Sophomore (Fall) | A+,,,,
GEOL-110,,,,,Freshman (Fall) | B,Senior (Fall) | B+,,,
GEOL-120,Freshman (Fall) | A-,,,,Sophomore (Spring) | B,Freshman (Fall) | C,Junior (Fall) | B,,Freshman (Fall) | A
GEOL-122,,,,,Freshman (Fall) | C,Freshman (Fall) | C,,,
GEOL-124,Freshman (Fall) | A,,,,,,,,Freshman (Fall) | A
GEOL-150,,,,Junior (Fall) | A,Sophomore (Fall) | A-,,,,
GEOL-154,,,,Junior (Spring) | A-,Sophomore (Spring) | B,,,,
GEOL-192,,,,,Sophomore (Fall) | A+,,,,
GEOL-250,,,,Junior (Spring) | A,,,,,
GES-101,,,,Freshman (Fall) | A,Freshman (Spring) | A,Freshman (Fall) | A,Junior (Fall) | A,,
GES-120,,,,Senior (Spring) | A-,,,,,
GES-141,Freshman (Fall) | A,,,,Freshman (Fall) | B,Freshman (Fall) | B,,,
GES-280A2,,,,,,,Junior (Fall) | A+,,
GES-465,,,,Junior (Fall) | A,,,,,
GR-100,,,,Freshman (Spring) | C,Freshman (Fall) | C,Freshman (Fall) | C,Junior (Fall) | A,,
GR-102,Sophomore (Fall) | B,,,,Sophomore (Fall) | B,Sophomore (Fall) | B,,,
GR-213,Junior (Spring) | A,,,,,,,,
GR-217,,,,,,,Sophomore (Fall) | A,,
GR-348,Senior (Fall) | A,,,,,,,,
GRAD-544,Senior (Fall) | S,,,,,,Senior (Spring) | S,,
GRAD-592,,,,Junior (Fall) | A+,,,,,
HDFS-101,Sophomore (Fall) | A,Freshman (Fall) | A+,Sophomore (Fall) | A-,Freshman (Spring) | C,Junior (Fall) | A,Junior (Fall) | A,Sophomore (Fall) | A,,Junior (Fall) | C+
HDFS-201,Junior (Spring) | A+,Senior (Summer) | B+,,Sophomore (Fall) | A+,,Junior (Fall) | A,,,
HDFS-217,Sophomore (Spring) | B+,,,,Sophomore (Fall) | B+,Freshman (Spring) | B-,,,
HDFS-250,Junior (Fall) | A+,,,,,Sophomore (Fall) | D,,,
HDFS-275,,,,,,Sophomore (Fall) | A,,,
HDFS-277,Junior (Spring) | A+,Freshman (Fall) | A+,,,Sophomore (Spring) | W,Sophomore (Fall) | A-,Sophomore (Fall) | A,,Freshman (Fall) | A+
HDFS-310,Senior (Fall) | A+,,,,Junior (Spring) | A,Senior (Fall) | B+,,,Junior (Fall) | B
HDFS-311,Senior (Spring) | A+,,,,Junior (Fall) | A-,Junior (Fall) | C+,,,Sophomore (Fall) | C
HDFS-312,Senior (Fall) | A+,,,,,Sophomore (Spring) | C,,,
HDFS-315,Senior (Fall) | A,,,,Junior (Fall) | A,,Junior (Fall) | B+,,
HDFS-332,,,,,Senior (Spring) | A+,Junior (Spring) | A+,,,
HDFS-334,,,,,,Senior (Fall) | A+,,,Junior (Spring) | B
HDFS-372,Senior (Spring) | A+,Junior (Spring) | A+,,,,,,,
HDFS-403,Senior (Fall) | A,,,,,,,,
HDFS-484,Junior (Spring) | S,,,,,,,,
HDFS-497B,,,,,,,,,Freshman (Fall) | S
HDFS-497C,Junior (Spring) | S,,,,Junior (Spring) | S,Sophomore (Spring) | S,Junior (Spring) | S,,
HDFS-497F,Sophomore (Fall) | A,,,,,,,,
HDFS-498A,Junior (Spring) | A,,,,,,,,
HES-127,,,,,Freshman (Fall) | A,Freshman (Fall) | A,,,Freshman (Fall) | A
HES-145,Sophomore (Fall) | A,Freshman (Fall) | A,,Freshman (Fall) | B,Freshman (Fall) | A,Freshman (Fall) | B,Sophomore (Fall) | A,Freshman (Fall) | A,Freshman (Fall) | B
HES-180A1,,,,,Freshman (Fall) | A,Freshman (Fall) | A,,,
HES-202,Sophomore (Spring) | A,Sophomore (Fall) | A,Sophomore (Fall) | A,Freshman (Fall) | W,Sophomore (Spring) | A,Sophomore (Spring) | A,Sophomore (Spring) | A,,Sophomore (Fall) | B
HES-207,Junior (Fall) | A,Senior (Spring) | B,,,Sophomore (Fall) | A,Sophomore (Fall) | C,,,Sophomore (Fall) | D
HES-300,,,,,Junior (Spring) | A,Junior (Spring) | B,,,Junior (Fall) | A
HES-303,Senior (Fall) | A,Senior (Fall) | C,,,Junior (Fall) | A,Junior (Fall) | B,,,Junior (Fall) | A
HES-307,Senior (Summer) | B,,,,Senior (Fall) | B,,,,Junior (Spring) | B
HES-309,,,,,Senior (Fall) | B,Senior (Fall) | A,,,
HES-319,,,,,Senior (Fall) | B,,,,
HES-340,Junior (Spring) | A,,,,Senior (Fall) | A,Junior (Fall) | B,,,Senior (Summer) | A
HES-345,Junior (Fall) | A,,,Junior (Fall) | A,Junior (Fall) | B,Junior (Fall) | B,,,Junior (Fall) | A
HES-354,Junior (Spring) | A,,,,Junior (Fall) | A,Junior (Fall) | B,,,Junior (Fall) | B
HES-355,,,,,,Senior (Spring) | B,,,
HES-360,,,,,Senior (Fall) | A,Senior (Fall) | A,,,Senior (Fall) | A
HES-379,Senior (Spring) | A,Junior (Spring) | B,,,Junior (Spring) | B,Junior (Spring) | B,,,
HES-386,,,,,,Senior (Spring) | A,,,Senior (Fall) | A
HES-403,Senior (Fall) | A,Senior (Summer) | A,,,Senior (Fall) | A,Senior (Spring) | B,,,Senior (Fall) | B
HES-419,,,,,Senior (Fall) | A,Senior (Fall) | A,,,
HES-420,,,,,Senior (Fall) | B,Senior (Fall) | B,,,Senior (Spring) | A
HES-432,,,,,Junior (Fall) | B,Senior (Spring) | A,,,Senior (Fall) | B
HES-434,Senior (Fall) | A,,,,Senior (Fall) | A,Senior (Fall) | A,,,Senior (Fall) | A
HES-440,,,,,Senior (Spring) | A,Senior (Spring) | A,,,
HES-455,,,,,,Senior (Fall) | A,,,Senior (Spring) | A
HES-478A,,,,,Senior (Fall) | A,,,,
HES-480A2,,,,,,Senior (Fall) | A,,,
HES-480A3,,,,,Senior (Spring) | A,Senior (Spring) | A,,,
HES-480A4,,,,,Senior (Fall) | A,Senior (Fall) | A-,,,
HES-484,Senior (Fall) | A,,,,Senior (Fall) | A,Senior (Spring) | A,,,
HES-486,,,,,,Senior (Fall) | A,,,Senior (Spring) | A
HES-487,,,,,,Senior (Fall) | A,,,Senior (Fall) | A
HES-495A,Junior (Spring) | A,,,,Junior (Fall) | A,Senior (Fall) | A,,,
HES-495C,,,,,,Senior (Fall) | A,,,
HIST-100,Junior (Spring) | A-,Sophomore (Spring) | A-,,Freshman (Fall) | B+,Sophomore (Fall) | A-,Sophomore (Fall) | B,Sophomore (Fall) | A-,,Freshman (Fall) | B
HIST-101,Sophomore (Fall) | A,Freshman (Fall) | B-,Freshman (Fall) | A-,Sophomore (Spring) | F,Freshman (Fall) | C,Sophomore (Fall) | B+,Sophomore (Fall) | A,,Sophomore (Spring) | A
HIST-115,Sophomore (Spring) | B+,,,,Sophomore (Fall) | B,Freshman (Spring) | B,,Sophomore (Spring) | W,Sophomore (Spring) | W
HIST-116,Senior (Fall) | A,,,Freshman (Fall) | A-,Sophomore (Fall) | C,,,,
HIST-120,Junior (Fall) | A,,,,Sophomore (Fall) | A-,Junior (Spring) | A,Freshman (Fall) | A,,Junior (Fall) | A
HIST-121,Junior (Spring) | A,Senior (Summer) | W,,,Junior (Spring) | A,,,Freshman (Summer) | A-,
HIST-150,Sophomore (Fall) | A,Senior (Fall) | F,Freshman (Fall) | A,Sophomore (Fall) | B,Sophomore (Fall) | B-,Sophomore (Fall) | B,Freshman (Fall) | A,,Freshman (Fall) | A
HIST-151,Sophomore (Fall) | A,Sophomore (Fall) | A,Senior (Fall) | A,Junior (Fall) | C,Sophomore (Fall) | B,Sophomore (Fall) | C,Sophomore (Spring) | A,Freshman (Fall) | B,Sophomore (Spring) | A
HIST-170,Sophomore (Fall) | A,Freshman (Fall) | B,,Junior (Fall) | A,Sophomore (Fall) | B,Freshman (Fall) | B,Freshman (Spring) | C,,Freshman (Fall) | A
HIST-171,Sophomore (Fall) | A,Sophomore (Spring) | A,Junior (Fall) | A,Junior (Fall) | A,Freshman (Fall) | A,Sophomore (Fall) | B,Sophomore (Fall) | A+,Freshman (Fall) | C+,Freshman (Spring) | A
HIST-201,,,,,Sophomore (Fall) | B+,Freshman (Fall) | A,Freshman (Fall) | B+,,
HIST-250,,,,,Junior (Fall) | A+,Freshman (Fall) | C,,,
HIST-255,,,,,Junior (Spring) | A+,,,,
HIST-301,Junior (Fall) | A-,,,,,,,,
HIST-309,Junior (Spring) | W,,,,,,,,
HIST-311,,,,,Sophomore (Fall) | C+,,,,
HIST-317,,Sophomore (Fall) | C+,,Junior (Fall) | B-,,,,,
HIST-318,Junior (Fall) | A,,,,,,,,
HIST-338,Senior (Spring) | W,,,,,,,,
HIST-345,,,,,Junior (Spring) | A,,,,
HIST-349,,,,,,Sophomore (Fall) | B+,,,
HIST-351,Junior (Fall) | A,,,,,,,,
HIST-355,,,,,Sophomore (Fall) | F,,,,
HIST-359,,Senior (Summer) | A+,,,,,,,
HIST-366,Junior (Spring) | A,,,,,,,,
HIST-370,Sophomore (Spring) | A-,,,,,,,,
HIST-431,,,,,Junior (Fall) | C+,,,,
HONR-192,Sophomore (Fall) | A,Sophomore (Fall) | A,Sophomore (Fall) | A,Sophomore (Fall) | A,Sophomore (Fall) | A,Sophomore (Fall) | A,Sophomore (Fall) | A,Freshman (Fall) | F,Sophomore (Fall) | A
HONR-193,Sophomore (Spring) | A,Sophomore (Spring) | A,Sophomore (Spring) | A,Sophomore (Spring) | A,Sophomore (Spring) | A,Sophomore (Spring) | A,Sophomore (Spring) | A,Sophomore (Spring) | B,Sophomore (Spring) | A
HONR-292A,Junior (Fall) | A,Senior (Fall) | A,Junior (Fall) | A,,Junior (Fall) | A,Sophomore (Spring) | A,Junior (Fall) | A,,Junior (Fall) | A
HONR-292B,Junior (Fall) | A,Junior (Fall) | A,Junior (Fall) | A,Junior (Fall) | A,Sophomore (Fall) | A,Junior (Fall) | A,Junior (Fall) | A,,Junior (Summer) | A
HONR-292C,Junior (Fall) | A,Junior (Fall) | A,Junior (Fall) | A,,Junior (Spring) | A,Junior (Fall) | A,Junior (Fall) | A,,Junior (Fall) | A
HONR-384,,Senior (Spring) | A,Junior (Spring) | A,,Senior (Fall) | A,,Sophomore (Fall) | A,,
HONR-392,Senior (Fall) | A,Senior (Fall) | A,Senior (Fall) | A+,Senior (Fall) | A,Senior (Fall) | A,Junior (Spring) | A,Senior (Fall) | A,,Senior (Fall) | A+
HONR-397,,Senior (Spring) | A,,,Junior (Spring) | A+,Freshman (Fall) | A+,,,
HONR-399,Senior (Spring) | S,Senior (Spring) | S,Senior (Spring) | S,Senior (Spring) | S,Senior (Fall) | S,Senior (Spring) | S,Senior (Fall) | S,,Senior (Fall) | S
HONR-492,Senior (Fall) | A,Senior (Fall) | A,,,Senior (Spring) | A+,Senior (Spring) | A+,Senior (Spring) | A+,,Senior (Fall) | A
HONR-499,Senior (Fall) | A,,,Senior (Fall) | I,Senior (Fall) | A,Senior (Fall) | A,Senior (Fall) | A+,,Senior (Spring) | A
HORT-100,,Sophomore (Fall) | B,Senior (Spring) | A,,Sophomore (Fall) | B,Freshman (Spring) | W,,Freshman (Fall) | F,
HORT-171,Freshman (Fall) | A,,,,,,,,
HORT-260,,,Senior (Fall) | A,,,,,,
HORT-401,Senior (Fall) | A,,,,,,,,
HORT-462,,,Senior (Fall) | A,,,,,,
IDEA-110,Sophomore (Fall) | A+,,,,Freshman (Fall) | A,,,Sophomore (Fall) | A+,
IDEA-210,Freshman (Summer) | A,Sophomore (Summer) | A,Sophomore (Summer) | A+,,Freshman (Summer) | A,Sophomore (Summer) | A,,,Freshman (Spring) | F
IE-116,Sophomore (Fall) | A+,,,,Sophomore (Fall) | A,,,,
IE-149A,Sophomore (Fall) | A,,,,Sophomore (Fall) | A+,,,,
IE-182A,Sophomore (Fall) | A,Freshman (Fall) | A,,,,,,,
IE-200,Senior (Spring) | A+,Senior (Fall) | A,,Sophomore (Fall) | B+,Sophomore (Fall) | A+,Sophomore (Fall) | A+,,,
IE-252A,,,Junior (Spring) | A,,,Sophomore (Spring) | A,,,
IE-252B,Junior (Spring) | A+,Junior (Spring) | A+,,,Junior (Spring) | A+,,,,Sophomore (Spring) | A+
IE-270,,,,,,Sophomore (Spring) | B-,,,
IE-282B,,,,,,Sophomore (Fall) | A+,,,
IE-382G,Senior (Spring) | A+,Senior (Spring) | A+,,,Senior (Spring) | A+,,,,
IE-387,Junior (Summer) | A+,,Junior (Summer) | A,Junior (Summer) | A,Junior (Summer) | A,Senior (Summer) | A+,Sophomore (Summer) | A,,
INST-179A,Freshman (Fall) | A+,,,,,,,,
INST-179B,Sophomore (Fall) | A+,Sophomore (Fall) | A+,,,,,,,
INST-179C,Freshman (Fall) | A-,,,,Sophomore (Fall) | A+,,,,Freshman (Fall) | A
INST-182B,Sophomore (Fall) | A+,,,,,,Freshman (Fall) | A+,,
INST-200,Freshman (Fall) | A+,Junior (Fall) | A,,,Senior (Fall) | A,Freshman (Fall) | A,,,
INTD-110,,Freshman (Fall) | A-,,,Freshman (Fall) | A-,Freshman (Fall) | A-,Junior (Fall) | A-,,
INTD-129,,Freshman (Spring) | D,,,Freshman (Summer) | A,Sophomore (Fall) | D,Junior (Spring) | B,,
INTD-166,,Freshman (Spring) | C,,,Freshman (Spring) | A-,,Sophomore (Spring) | A,,
INTD-359,,,,,,,Junior (Spring) | C,,
IU-170,Sophomore (Fall) | A,,,,Sophomore (Spring) | A,,Sophomore (Fall) | A,,
IU-171,Sophomore (Spring) | A,,,,Sophomore (Spring) | A,,Sophomore (Spring) | A,,
IU-172,Freshman (Fall) | A+,Freshman (Fall) | A+,Sophomore (Fall) | A+,Sophomore (Fall) | A+,Freshman (Fall) | A+,Freshman (Fall) | A+,Freshman (Fall) | A+,,
IU-172A,Sophomore (Fall) | A+,Freshman (Fall) | A+,,Freshman (Spring) | A,Freshman (Fall) | A,Freshman (Fall) | A,Sophomore (Fall) | A+,,Freshman (Fall) | C
IU-173B,Sophomore (Fall) | A,Junior (Fall) | A,,Sophomore (Fall) | A-,Freshman (Fall) | A,Sophomore (Spring) | A,Sophomore (Fall) | A,,Sophomore (Fall) | A-
IU-173C,Sophomore (Spring) | A-,,,Junior (Fall) | A+,,,,,
IU-174B,Freshman (Fall) | A+,Sophomore (Fall) | A,,,Freshman (Fall) | A-,Freshman (Fall) | A-,Sophomore (Fall) | A+,,
IU-174D,,,,Junior (Fall) | F,,,,,
IU-180A2,,,,Sophomore (Spring) | B,Sophomore (Spring) | A+,,,,
IU-180A6,,,Senior (Spring) | XA+,,,,,,
IU-180A7,Freshman (Fall) | A,,,,Freshman (Fall) | A,,,,
IU-270,Junior (Fall) | A,,,,,Junior (Summer) | A,Sophomore (Fall) | A,,
IU-271,Junior (Spring) | A,,,,,Junior (Summer) | A,Junior (Spring) | A,,
IU-274,Junior (Fall) | A+,Junior (Fall) | A+,Junior (Fall) | A+,,Sophomore (Fall) | A+,Junior (Fall) | C,Junior (Fall) | A,,Junior (Fall) | W
IU-300,Junior (Fall) | A,Junior (Fall) | A+,Junior (Fall) | A+,Junior (Fall) | A+,,,Junior (Fall) | A,,
IU-470,Senior (Fall) | A,,,,Sophomore (Fall) | F,Senior (Fall) | A,Senior (Fall) | A,,
IU-471,Senior (Spring) | A,,,,,Senior (Spring) | A,,,
IU-498,Senior (Fall) | A,,,,,,,,
JTC-100,Junior (Fall) | A,,,Junior (Fall) | B,Freshman (Fall) | B,Freshman (Fall) | B-,Freshman (Fall) | A,,Freshman (Fall) | B-
JTC-210,,,,,Junior (Fall) | A-,,Senior (Spring) | A+,,
JTC-211,,,,,Junior (Spring) | A,,Senior (Fall) | A+,,
JTC-270,,,,,Junior (Fall) | B+,,,,
JTC-300,Junior (Spring) | A,Sophomore (Fall) | W,,Junior (Spring) | A,Junior (Fall) | A,Sophomore (Fall) | B-,Junior (Fall) | A+,,
JTC-301,Junior (Spring) | A-,,,,Freshman (Summer) | W,,Senior (Fall) | A+,,
JTC-326,,,,,,,Senior (Spring) | B+,,
JTC-350,,,,,,,Senior (Fall) | A,,
JTC-354,,,,,,,Senior (Fall) | A,,
JTC-490,,,,,Junior (Fall) | A+,,,,
KEY-175,Freshman (Fall) | A,Sophomore (Fall) | A,Freshman (Fall) | A,,Freshman (Fall) | A,,Sophomore (Fall) | A,Freshman (Fall) | B-,Sophomore (Fall) | A
KEY-192A,Sophomore (Spring) | A+,Junior (Spring) | A+,,Sophomore (Spring) | A,Sophomore (Spring) | A+,Freshman (Spring) | A+,Sophomore (Spring) | A+,,Sophomore (Spring) | A+
KEY-192B,,,,,Freshman (Fall) | B+,Freshman (Fall) | C,,,
KEY-192C,Freshman (Fall) | A,Freshman (Fall) | A+,Sophomore (Fall) | B,Freshman (Fall) | A,Freshman (Fall) | A,Freshman (Fall) | B+,Sophomore (Fall) | A,,Freshman (Fall) | A
KEY-272,Sophomore (Fall) | B+,,Junior (Fall) | A,Sophomore (Fall) | W,Sophomore (Fall) | A,Sophomore (Fall) | A,,,
LAND-110,,,,,,Junior (Fall) | A,,,
LAND-220,Sophomore (Fall) | A+,,,,,,,,
LARA-250,Sophomore (Fall) | A,,,,,,Junior (Fall) | A,,
LASL-100,Sophomore (Fall) | A+,Sophomore (Fall) | A+,Junior (Fall) | A,Sophomore (Fall) | A,Junior (Fall) | A,Sophomore (Spring) | A+,Freshman (Fall) | A,Junior (Fall) | A+,
LASL-101,Junior (Fall) | A,Senior (Spring) | A,Senior (Spring) | A,Junior (Spring) | D,Junior (Fall) | A,Sophomore (Fall) | A,Sophomore (Spring) | A,,
LASL-200,Junior (Spring) | A,Senior (Fall) | A,Senior (Fall) | A,Junior (Fall) | C+,Freshman (Fall) | A,Freshman (Fall) | A,Sophomore (Fall) | B,,
LASL-201,Junior (Fall) | A,,Senior (Spring) | A,,,Junior (Fall) | A,Junior (Fall) | A,,
LASL-304,Senior (Fall) | A,,,,,,Junior (Fall) | B,,
LASL-347,Senior (Spring) | B,,,,,,,,
LB-173,Sophomore (Fall) | A,Sophomore (Fall) | A,Sophomore (Fall) | A,,Senior (Fall) | A,Freshman (Fall) | A,Freshman (Fall) | A,,Freshman (Fall) | A
LB-205,Junior (Spring) | A+,,,,,,,,
LB-300,Junior (Spring) | A,,,,,,Senior (Fall) | A-,,
LB-360,Senior (Spring) | A,,,,,,,,
LCHI-100,,Junior (Fall) | A,,,,Freshman (Fall) | B,Freshman (Fall) | A,,
LCHI-101,,,,,,Freshman (Spring) | A-,,,
LCHI-200,,,,,,Sophomore (Fall) | B,Junior (Fall) | A+,,
LCHI-201,,,,,,Sophomore (Spring) | C+,,,
LCHI-304,,Sophomore (Fall) | A,,,,Junior (Fall) | A-,,,
LCHI-305,,Junior (Spring) | A,,,,Junior (Spring) | A,,,
LCHI-380A1,,Junior (Fall) | A-,,,,Senior (Fall) | A,,,
LCHI-400,,Senior (Spring) | A,,,,,,,
LCHI-480A1,,,,,,Senior (Spring) | B+,,,
LFRE-100,Sophomore (Fall) | A+,,,,Sophomore (Spring) | A,Sophomore (Spring) | B-,,,
LFRE-101,Sophomore (Fall) | A+,Sophomore (Spring) | B+,,,Freshman (Spring) | A+,,,,
LFRE-200,Sophomore (Fall) | A+,Junior (Fall) | B,,,Junior (Fall) | A+,,,,
LFRE-201,,,,,Senior (Spring) | A+,,Freshman (Fall) | A-,,
LFRE-251,,,,,,,Sophomore (Spring) | A+,,
LFRE-300,Sophomore (Fall) | A,Sophomore (Spring) | A,,,Senior (Fall) | A,,Sophomore (Fall) | B+,,
LFRE-301,Junior (Fall) | A+,,,,,,,,
LFRE-313,Senior (Fall) | A,,,,,,,,
LFRE-335,Junior (Spring) | A,,,,,,,,
LFRE-365,Sophomore (Fall) | A,Sophomore (Fall) | A,,,,,,,
LFRE-400,Senior (Spring) | A-,,,,,,,,
LFRE-433A,Senior (Fall) | A+,,,,,,,,
LGEN-465E,Senior (Spring) | A,,,,,,,,
LGER-100,Junior (Spring) | A,Sophomore (Fall) | A-,,,,Junior (Fall) | A,Sophomore (Fall) | A+,,
LGER-101,Senior (Fall) | A,,,,Sophomore (Spring) | A+,Freshman (Fall) | A,Junior (Fall) | B+,,
LGER-251,Junior (Fall) | A+,,,,Senior (Spring) | B+,,Sophomore (Fall) | A,,
LGER-345,,,Sophomore (Fall) | A+,,,,,,
LGER-400,,,Sophomore (Fall) | A+,,,,,,
LGER-434,,,Sophomore (Spring) | A+,,,,,,
LIFE-102,Sophomore (Fall) | A,Freshman (Fall) | A,Sophomore (Fall) | A,Freshman (Fall) | A,Freshman (Fall) | B,Freshman (Fall) | B,Sophomore (Fall) | A,Freshman (Fall) | C,Freshman (Fall) | B
LIFE-103,Sophomore (Spring) | A,Sophomore (Fall) | B,Freshman (Fall) | A,Junior (Fall) | A,Sophomore (Spring) | B,Sophomore (Fall) | D,Sophomore (Spring) | A,,Sophomore (Spring) | C
LIFE-162,Sophomore (Fall) | A+,Freshman (Fall) | A+,,Freshman (Fall) | A+,Freshman (Fall) | A+,Freshman (Fall) | A+,Sophomore (Fall) | A+,,Freshman (Fall) | C+
LIFE-201B,Sophomore (Spring) | A,Sophomore (Spring) | A,Sophomore (Spring) | A,Sophomore (Spring) | C,Sophomore (Spring) | A,Sophomore (Spring) | B,Sophomore (Spring) | A,Sophomore (Spring) | A,Junior (Spring) | A
LIFE-205,Sophomore (Fall) | B,Senior (Fall) | A,,,Senior (Fall) | A,Senior (Fall) | A,,,
LIFE-210,Junior (Fall) | A,Junior (Fall) | A,Junior (Fall) | A,Junior (Fall) | C,Junior (Fall) | A,Sophomore (Fall) | W,Junior (Fall) | B,Junior (Fall) | B,Junior (Fall) | B
LIFE-211,Junior (Fall) | A+,Junior (Fall) | A+,Junior (Fall) | A+,,,,,Junior (Fall) | B,
LIFE-320,Junior (Fall) | A,,,,Sophomore (Fall) | A,Sophomore (Fall) | B,Junior (Fall) | A,,Junior (Spring) | A+
LITA-200,,,Senior (Fall) | A+,,,,,,
LITA-201,,,,,,Sophomore (Spring) | C+,,,
LJPN-100,Freshman (Fall) | A+,,,,,,Sophomore (Fall) | A+,,Sophomore (Fall) | A+
LJPN-101,Sophomore (Spring) | A,,,,,,Junior (Spring) | A+,,
LJPN-200,Junior (Fall) | A,,,,Sophomore (Fall) | A-,,Senior (Fall) | A,,
LJPN-201,Junior (Spring) | B,,,,Junior (Spring) | B-,,Senior (Spring) | A,,
LJPN-304,Senior (Fall) | B,,,,Junior (Fall) | B-,,Senior (Fall) | A,,
LJPN-305,Senior (Spring) | B+,,,,Senior (Spring) | B,,,,
LJPN-352A,Senior (Summer) | A,,,,Senior (Summer) | B+,,Senior (Summer) | A+,,
LKOR-100,Sophomore (Fall) | A-,,,Junior (Fall) | A+,,,,,
LKOR-101,Sophomore (Spring) | A,,,,,,,,
LKOR-200,Junior (Fall) | A,Freshman (Fall) | A+,,,,,,,
LKOR-201,,Sophomore (Spring) | A-,,,,,,,
LKOR-300,,Sophomore (Fall) | A-,,,,,,,
LRUS-100,,,,,,,Freshman (Fall) | A-,,
LSPA-100,Senior (Fall) | B,,Junior (Fall) | A,,Sophomore (Spring) | C,Freshman (Fall) | B,,,
LSPA-101,Sophomore (Fall) | A+,,,,Freshman (Fall) | B+,Sophomore (Spring) | B,Junior (Fall) | A,,
LSPA-108,Senior (Summer) | A+,,,,Senior (Spring) | C,,,,Freshman (Spring) | D
LSPA-200,Sophomore (Fall) | A,,,,Sophomore (Spring) | A-,Sophomore (Fall) | C+,Junior (Fall) | A,,Freshman (Fall) | A-
LSPA-201,Sophomore (Fall) | A+,Sophomore (Fall) | A-,,,Sophomore (Fall) | B-,Freshman (Fall) | B-,Sophomore (Fall) | A-,,
LSPA-208,,,,,,,Junior (Spring) | A,,
LSPA-300,Junior (Fall) | A,Sophomore (Fall) | A-,Sophomore (Fall) | A,Sophomore (Fall) | A,Junior (Spring) | B+,Sophomore (Fall) | A,Junior (Fall) | A,Freshman (Fall) | F,
LSPA-301,Junior (Spring) | A,Junior (Fall) | A-,,Sophomore (Fall) | A,Junior (Fall) | A,Junior (Spring) | A-,Senior (Fall) | A,,
LSPA-310,Senior (Spring) | A,,Sophomore (Spring) | A,,,Junior (Fall) | B,Senior (Fall) | A,,
LSPA-313,Senior (Fall) | A,Senior (Spring) | A-,,Sophomore (Spring) | A,,Junior (Fall) | A+,,,
LSPA-326,,Sophomore (Fall) | A,,,,,,,
LSPA-335,Junior (Fall) | A,Junior (Fall) | A-,Junior (Fall) | A,Junior (Fall) | A+,Senior (Fall) | B+,Junior (Spring) | A,,,
LSPA-340,Junior (Fall) | A+,,,,,,,,
LSPA-342,Senior (Spring) | A,,,,,,,,
LSPA-343,Senior (Fall) | A,,,,,,,,
LSPA-345,Senior (Spring) | A,,,,,,,,
LSPA-346,Senior (Summer) | A,Junior (Fall) | A,,Sophomore (Spring) | D,Senior (Spring) | A-,,Senior (Spring) | A,,
LSPA-348,Senior (Spring) | A,,,,,,,,
LSPA-400,Senior (Fall) | A,,Senior (Spring) | A,Senior (Fall) | A,,Senior (Fall) | B-,Senior (Fall) | A-,,
LSPA-436,Senior (Fall) | A,,,Senior (Fall) | A,,,,,
LSPA-443,Senior (Fall) | A,,,,Senior (Fall) | A,,,,
LSPA-444,Sophomore (Spring) | C,,,,,,,,
LSPA-495,,,,,Senior (Summer) | A,,,,
MATH-101,Sophomore (Spring) | B,Sophomore (Fall) | A,,,Freshman (Fall) | B+,Freshman (Fall) | B,,,Freshman (Spring) | D
MATH-105,,,,,,,Sophomore (Fall) | A,,
MATH-116,Freshman (Fall) | A,Freshman (Spring) | A+,,Freshman (Spring) | A,Freshman (Fall) | A,Sophomore (Spring) | A,Sophomore (Fall) | A,Sophomore (Spring) | A+,Sophomore (Spring) | A+
MATH-117,Freshman (Fall) | A,Freshman (Fall) | A,Sophomore (Fall) | A,Freshman (Fall) | A,Freshman (Fall) | A,Freshman (Fall) | A,Freshman (Fall) | A,Sophomore (Fall) | A,Freshman (Fall) | B
MATH-118,Freshman (Fall) | A,Freshman (Fall) | A,Sophomore (Fall) | A,Freshman (Fall) | A,Freshman (Fall) | A,Freshman (Fall) | A,Freshman (Fall) | A,Sophomore (Fall) | B,Freshman (Fall) | A
MATH-120,Freshman (Spring) | D,Freshman (Fall) | A,Sophomore (Spring) | A,,Freshman (Fall) | A,Sophomore (Spring) | B,Freshman (Fall) | C,,Freshman (Spring) | D
MATH-124,Sophomore (Fall) | A,Freshman (Fall) | A,Freshman (Fall) | A,Sophomore (Fall) | A,Sophomore (Fall) | A,Sophomore (Fall) | A,Freshman (Fall) | A,Freshman (Fall) | A,Freshman (Fall) | A
MATH-125,Sophomore (Fall) | A,Sophomore (Fall) | A,Junior (Fall) | A,Sophomore (Fall) | W,Sophomore (Spring) | A,Sophomore (Spring) | W,Sophomore (Spring) | A,Sophomore (Spring) | A,Sophomore (Fall) | W
MATH-126,Sophomore (Spring) | A,Freshman (Fall) | A,Junior (Spring) | A,Freshman (Fall) | A,Freshman (Fall) | A,Sophomore (Spring) | A,Sophomore (Spring) | A,Sophomore (Summer) | A,Freshman (Spring) | W
MATH-127,Freshman (Fall) | A,Sophomore (Fall) | B,,Freshman (Spring) | B,Freshman (Fall) | C,Sophomore (Fall) | C,Sophomore (Fall) | A,,
MATH-141,Freshman (Spring) | B,,,,Sophomore (Fall) | C,Freshman (Fall) | B,,,
MATH-155,Sophomore (Spring) | A,Sophomore (Fall) | A,Sophomore (Fall) | A,Sophomore (Spring) | A-,Sophomore (Fall) | A,Sophomore (Spring) | W,Junior (Spring) | A,Junior (Fall) | B,Sophomore (Fall) | W
MATH-160,Sophomore (Spring) | A,,Sophomore (Fall) | A,Sophomore (Spring) | A,Junior (Spring) | C,Sophomore (Fall) | W,Freshman (Fall) | A,,
MATH-161,Junior (Fall) | B,Junior (Fall) | C,Junior (Fall) | A,Sophomore (Spring) | C,Sophomore (Fall) | F,Sophomore (Fall) | F,Junior (Spring) | A,Freshman (Fall) | W,
MATH-192,,,,,,Freshman (Fall) | B,,,
MATH-235,,,Senior (Spring) | C+,,,,,,
MATH-255,Senior (Spring) | A,Sophomore (Spring) | B,Senior (Fall) | A,Junior (Spring) | B-,Sophomore (Spring) | A,,Junior (Fall) | A,,Junior (Fall) | W
MATH-261,Junior (Fall) | B,,Senior (Fall) | A,,Junior (Fall) | B,,Junior (Spring) | A,,
MATH-271,,,,,,,Sophomore (Fall) | A-,,
MATH-340,Junior (Spring) | B,,,,Senior (Spring) | B-,,,,
MATH-348,,,Junior (Fall) | A,,,,,,
MATH-369,Junior (Fall) | A+,Junior (Spring) | A+,Senior (Fall) | A,,,,Senior (Spring) | A,,
MATH-384,,,Senior (Spring) | A,,,,,,
MATH-455,,Senior (Fall) | A+,Senior (Fall) | A,,,,Senior (Fall) | A+,,
MECH-103,Junior (Fall) | A,Freshman (Fall) | B,Sophomore (Fall) | A,Freshman (Fall) | B-,Freshman (Fall) | F,Freshman (Fall) | C+,,,
MECH-105,Senior (Spring) | A+,,Sophomore (Spring) | W,Sophomore (Spring) | C,Sophomore (Spring) | A-,Sophomore (Fall) | C,,,
MECH-180A1,,Freshman (Fall) | A-,,,,,,,
MECH-200A,Senior (Fall) | F,,,Sophomore (Fall) | A,Junior (Spring) | A,,,,
MECH-201,Senior (Fall) | F,,,Sophomore (Fall) | B,Junior (Fall) | B-,,,,
MECH-202,,,,Sophomore (Spring) | C,,,,,
MECH-231,Senior (Fall) | B+,,,,Junior (Spring) | B,,,,
MECH-262,,,,,Senior (Spring) | B,,,,
MECH-324,Senior (Spring) | B-,,,,,,,,
MECH-325,Senior (Fall) | B,,,,,,,,
MECH-337,Senior (Spring) | A+,,,,,,,,
MECH-342,Senior (Summer) | F,,,,,,,,
MGT-301,Junior (Fall) | B,,,,,,,,
MGT-305,Senior (Fall) | A,,Junior (Summer) | A,Junior (Fall) | A,Junior (Spring) | B,Junior (Spring) | A,Sophomore (Fall) | A-,,
MGT-320,Junior (Fall) | B,,,,,,,,
MGT-330,,Senior (Spring) | A,,,,Senior (Fall) | A,,,
MGT-340,,Senior (Fall) | A+,,Senior (Fall) | A,Junior (Fall) | A,Junior (Fall) | A,,,
MGT-360,,Senior (Fall) | A+,,,,,,,
MGT-375,Senior (Spring) | B+,,,,,,,,
MGT-376,Senior (Spring) | B,,,,,,,,
MGT-377,Senior (Spring) | A-,,,,,,,,
MGT-411,Senior (Fall) | A-,,,,,,,,
MGT-420,,Senior (Fall) | A,,,,Senior (Fall) | A,,,
MGT-476,Senior (Spring) | C,,,,,,,,
MGT-478,Senior (Fall) | A,,,,,,,,
MGT-486A,Senior (Spring) | A,,,,,,,,
MGT-486B,Senior (Fall) | A,,,,,,,,
MIP-101,Senior (Fall) | A,,,,Sophomore (Spring) | A,Sophomore (Spring) | A,Sophomore (Spring) | A,,
MIP-192,,,,Sophomore (Fall) | XC,,,,,
MIP-250,Junior (Fall) | A,,Junior (Fall) | A,Sophomore (Fall) | C,Sophomore (Fall) | B+,,Junior (Fall) | A,,Junior (Fall) | A
MIP-260,Sophomore (Spring) | A,,,Sophomore (Spring) | A,,,Sophomore (Spring) | A,,Sophomore (Spring) | A
MIP-280A4,,,,,,,Junior (Fall) | C,,
MIP-281A1,,,,,,,Junior (Fall) | A,,
MIP-292,,,,Sophomore (Fall) | A,,,Junior (Spring) | A,,Sophomore (Spring) | A
MIP-298,,,,,,,Junior (Spring) | A+,,Sophomore (Spring) | A
MIP-300,Senior (Fall) | A,Senior (Fall) | B,Senior (Fall) | B,Junior (Fall) | B,Senior (Fall) | B,Junior (Fall) | F,Junior (Fall) | B,,Junior (Fall) | W
MIP-303,Senior (Spring) | A,Senior (Fall) | A,Senior (Spring) | A,,Senior (Spring) | A,,Junior (Fall) | A,,Senior (Spring) | A
MIP-315,Senior (Fall) | A,,Senior (Fall) | A+,Sophomore (Fall) | B,Junior (Fall) | A,Junior (Fall) | C,Junior (Fall) | A,,Sophomore (Fall) | C
MIP-334,,,,,,,Senior (Spring) | B,,
MIP-342,Senior (Spring) | A,,Senior (Spring) | A-,,,,Junior (Spring) | A,,Junior (Fall) | B
MIP-351,Senior (Spring) | A,,,,,,Senior (Spring) | B,,Senior (Spring) | C
MIP-372,,Senior (Fall) | A,,,,,Senior (Fall) | A,,
MIP-381A1,Senior (Fall) | A,,,,,,Senior (Fall) | A,,
MIP-384,Senior (Spring) | A,,,Senior (Fall) | A,,,Senior (Fall) | A,,
MIP-400A,,,,,,,Senior (Spring) | A,,
MIP-400C,,,,,,,Senior (Fall) | A,,
MIP-400H,Senior (Fall) | A+,,,,,,Senior (Fall) | A,,
MIP-410,,,,,,,Senior (Fall) | A,,
MIP-420,Senior (Fall) | B,,,,,,Senior (Fall) | B,,Senior (Fall) | D
MIP-443,Senior (Spring) | B,,,,,,Senior (Spring) | B,,
MIP-450,Senior (Fall) | A,,,,,,Senior (Fall) | A,,Senior (Fall) | C
MIP-462,,,,,,,Senior (Fall) | A,,
MIP-495,Senior (Fall) | A,,Senior (Fall) | A,,,,Senior (Fall) | A,,
MIP-496,,,,,,,Senior (Fall) | A,,
MIP-498,Senior (Spring) | A,,,,,,Senior (Fall) | A+,,Senior (Fall) | A+
MIP-525,,,,,,,Senior (Fall) | A,,
MIP-542,,,,,,,Senior (Fall) | A,,
MIP-550,,,,,,,Senior (Spring) | A+,,
MIP-554,,Senior (Spring) | A,,,,,Senior (Spring) | A,,
MIP-651,,,,,,,Senior (Fall) | A+,,
MKT-300,Junior (Fall) | A,,,,Sophomore (Fall) | C,Senior (Fall) | A,,,
MKT-305,Junior (Fall) | B,Senior (Summer) | A,,Senior (Fall) | A,Junior (Spring) | B,Junior (Spring) | B,Junior (Spring) | A-,,Junior (Fall) | B
MKT-307,,,,,Junior (Spring) | B,Junior (Spring) | B,,,
MKT-330,,,,Senior (Fall) | C+,Senior (Fall) | A-,Senior (Fall) | A,,,
MKT-362,,,,,Senior (Fall) | B,,,,
MKT-363,,,,,Senior (Fall) | B,Senior (Fall) | B+,,,
MKT-440,Senior (Spring) | B-,,,,,,,,
MKT-492,,,Senior (Fall) | A,,,,,,
MLSC-101,Freshman (Fall) | A,,,,Freshman (Fall) | A,Sophomore (Fall) | A+,Sophomore (Fall) | A+,Freshman (Fall) | A+,Freshman (Fall) | A
MLSC-102,Sophomore (Spring) | A,,,,Freshman (Spring) | A+,Sophomore (Spring) | A+,Sophomore (Spring) | A,,
MLSC-196,Freshman (Fall) | A,,,,Freshman (Fall) | A+,Sophomore (Fall) | A+,Sophomore (Fall) | A+,Freshman (Fall) | A+,Freshman (Fall) | A+
MLSC-197,Sophomore (Spring) | A+,,,,Freshman (Spring) | A+,Sophomore (Spring) | A+,Sophomore (Spring) | A+,,
MLSC-201,Junior (Fall) | A,,,,Junior (Fall) | A+,Junior (Fall) | A,Junior (Fall) | A,,
MLSC-202,Junior (Spring) | A+,,,,Junior (Spring) | A,Junior (Spring) | A+,Junior (Spring) | A+,,
MLSC-296,Junior (Fall) | A+,,,,Junior (Fall) | A+,Junior (Fall) | A+,Junior (Fall) | A+,,
MLSC-297,Junior (Spring) | A+,,,,Junior (Spring) | A+,Junior (Spring) | A+,Junior (Spring) | A+,,
MLSC-301,Senior (Fall) | A+,,,,Senior (Fall) | A+,Sophomore (Fall) | A-,Senior (Fall) | A,,
MLSC-302,,,,,Senior (Spring) | A,Junior (Spring) | A,,,
MLSC-357,,,,,Senior (Spring) | A,,,,
MLSC-396,Senior (Fall) | A,,,,Senior (Fall) | A,Sophomore (Fall) | A,Senior (Fall) | A,,
MLSC-397,,,,,Senior (Spring) | A+,Junior (Spring) | A+,,,
MLSC-401,,,,,Senior (Fall) | A,Junior (Fall) | A,,,
MLSC-402,,,,,Senior (Spring) | A+,Senior (Spring) | A-,,,
MLSC-496,,,,,Senior (Fall) | A,Junior (Fall) | A+,,,
MLSC-497,,,,,Senior (Spring) | A,Senior (Spring) | A+,,,
MU-100,Sophomore (Fall) | A+,Sophomore (Fall) | A,Sophomore (Fall) | A+,Sophomore (Fall) | A+,Freshman (Fall) | A,Freshman (Fall) | A,Sophomore (Fall) | A,Sophomore (Fall) | A,Freshman (Fall) | A
MU-111,Sophomore (Spring) | A+,Freshman (Fall) | B,Junior (Spring) | A,Junior (Spring) | A,Freshman (Fall) | A-,Junior (Summer) | A,Junior (Fall) | A+,,
MU-117,Junior (Fall) | A,,,,Senior (Fall) | A,,Sophomore (Fall) | B+,,
MU-118,Junior (Spring) | A,,,,,,,,
MU-131,Junior (Spring) | A,,,,Junior (Spring) | A+,,,,
MU-132,Junior (Fall) | A+,Junior (Fall) | A,Junior (Fall) | A,,Junior (Summer) | A+,Junior (Summer) | A+,Junior (Summer) | A+,,Sophomore (Fall) | B+
MU-133,Junior (Spring) | B-,,Junior (Summer) | A,,Freshman (Fall) | A-,,Sophomore (Spring) | B-,,
MU-159,,,,,,,Freshman (Fall) | A+,,
MU-170D,,Senior (Fall) | A+,,,,,,,
MU-217,Senior (Fall) | A,,,,,,,,
MU-218,Senior (Spring) | A,,,,,,,,
MU-232,,,,,,Junior (Spring) | B,,,
MU-272C,,,,,Freshman (Fall) | A,,,,
MU-272E,Sophomore (Fall) | A,,,,,,,,
MU-272H,Junior (Fall) | A,,,,,,,,
MU-272I,,,,,Junior (Fall) | A,,,,
MU-272P,Senior (Fall) | A,,,,Freshman (Fall) | A,,,,
MU-272Q,Junior (Fall) | A,,,,,,,,
MU-272S,,,,,,,Junior (Fall) | A,,
MU-272V,,,,,Sophomore (Fall) | A,,Sophomore (Fall) | A,,
MU-274A,,,Senior (Fall) | A+,,,,,,
MU-274F,,,,,Junior (Fall) | A,,,,
MU-275S,,,,,,,Sophomore (Fall) | A+,,
MU-275T,Junior (Fall) | A,,,,,,,,
MU-333,,,,,Junior (Summer) | A+,,,,
MU-334,Senior (Fall) | A,,,,,,,,
MU-342,,Senior (Fall) | A,,,,,,,
MU-465,,,,,Senior (Fall) | A-,,,,
MU-472T,Senior (Fall) | A,,,,,,,,
MU-496I,,,,,,Sophomore (Spring) | A,Junior (Spring) | A,,
NB-192,Sophomore (Fall) | S,Sophomore (Fall) | S,Sophomore (Fall) | S,Freshman (Fall) | S,Freshman (Fall) | S,Freshman (Fall) | S,Sophomore (Fall) | S,Freshman (Fall) | S,Freshman (Fall) | S
NB-292,,Junior (Spring) | S,Junior (Spring) | S,,,,,Freshman (Spring) | S,
NB-399,,Senior (Fall) | S,Senior (Fall) | S,,,,,,Junior (Fall) | S
NB-493,,Senior (Fall) | A+,Senior (Fall) | A+,,,,,,Senior (Fall) | A+
NB-495,,Senior (Spring) | S,,,,,,,
NB-499,,Senior (Fall) | A,Senior (Fall) | A,,,,,,Senior (Fall) | A-
NR-120A,,,,Freshman (Fall) | A,Sophomore (Fall) | A,Freshman (Fall) | A,,,
NR-130,,Freshman (Fall) | B,,Freshman (Spring) | A,Freshman (Fall) | A+,Freshman (Fall) | A,,,
NR-150,Sophomore (Spring) | A+,,,Freshman (Fall) | A,Sophomore (Spring) | A,Freshman (Fall) | A,,,
NR-192,,,,,Sophomore (Fall) | B,,,,
NR-193,,,,,Freshman (Spring) | C,,,,
NR-300,,,,,Sophomore (Fall) | B+,Sophomore (Spring) | C+,,,
NR-320,,Senior (Spring) | A-,,,Senior (Fall) | W,,,Freshman (Summer) | B+,
NR-370,Senior (Spring) | C+,,,,,,,,
NRRT-231,,,,,,,Junior (Fall) | A,,
NRRT-250,,,,,,,Senior (Fall) | A+,,
NRRT-262,,,,,,,Junior (Fall) | A+,,
NRRT-270,,,,,Freshman (Fall) | A+,Sophomore (Fall) | B-,,,
NRRT-280A3,,,,,Senior (Spring) | S,,,,
NRRT-280A4,Senior (Spring) | S,,,,Senior (Spring) | S,,,,
NRRT-280A5,,,,,Senior (Fall) | S,,,,
NRRT-320,,,,,Senior (Summer) | W,,,,
NRRT-350,,,,,Sophomore (Fall) | A,,,,
NRRT-351,Senior (Spring) | NGC,,,,,,,,
NRRT-372,,,,,,Sophomore (Spring) | A-,,,
NRRT-495A,,Junior (Spring) | A+,,,,,,,
NRRT-495C,,Senior (Fall) | A+,,,,,,,
NSCI-170,,,,,Freshman (Fall) | XI,,,,
NSCI-193,,Sophomore (Spring) | A,,,Freshman (Fall) | B,,,,
OT-110,Sophomore (Spring) | A,,,Senior (Fall) | A+,Senior (Fall) | A,Senior (Fall) | A,,Sophomore (Fall) | D,Junior (Fall) | B
OT-215,Senior (Fall) | A,Junior (Fall) | A,Junior (Fall) | A,Sophomore (Fall) | A,Sophomore (Fall) | A,Junior (Fall) | A,Senior (Fall) | A,Sophomore (Fall) | F,Junior (Fall) | A
OT-355,Junior (Fall) | A,,,,Senior (Fall) | A,Freshman (Spring) | A,Junior (Fall) | A,,
PBHL-516,,,,Senior (Fall) | A,Senior (Fall) | A,Senior (Fall) | A+,,,Senior (Fall) | A
PBHL-550,,,,,Senior (Fall) | A,Senior (Fall) | A,,,
PBHL-560,,,,Senior (Fall) | A,,,,,Senior (Fall) | B
PBHL-570,,,,Senior (Fall) | A,,,,,Senior (Fall) | A
PH-110,Freshman (Spring) | C+,,,Freshman (Fall) | D,Freshman (Fall) | B-,Freshman (Spring) | W,,,
PH-121,Senior (Fall) | A,Senior (Fall) | A,Senior (Spring) | B+,Senior (Fall) | B,Junior (Fall) | A,Junior (Fall) | B,Senior (Fall) | A,,Senior (Fall) | A
PH-122,Senior (Spring) | A,Senior (Fall) | A,Senior (Fall) | A,Senior (Spring) | A,Senior (Fall) | A,,Senior (Fall) | A,,
PH-141,Sophomore (Spring) | A,Junior (Spring) | A+,Junior (Spring) | A,Senior (Fall) | A,Junior (Spring) | W,Sophomore (Fall) | B,Junior (Spring) | A,Sophomore (Fall) | A,Junior (Summer) | W
PH-142,Junior (Spring) | B,,Senior (Fall) | A,Sophomore (Fall) | W,Junior (Fall) | C,Sophomore (Spring) | F,,,
PHIL-100,Sophomore (Fall) | A,Sophomore (Spring) | C,Freshman (Fall) | B-,Freshman (Fall) | A,Sophomore (Fall) | C,Sophomore (Fall) | C,Sophomore (Fall) | A,Freshman (Fall) | F,Sophomore (Fall) | A
PHIL-103,Sophomore (Fall) | A,Junior (Fall) | A,Sophomore (Fall) | A-,Sophomore (Fall) | A-,Sophomore (Fall) | A,Sophomore (Spring) | A,Sophomore (Spring) | A,,Freshman (Fall) | A
PHIL-110,Sophomore (Fall) | A,Sophomore (Spring) | A,Senior (Fall) | A,Freshman (Fall) | A,Freshman (Fall) | A,Sophomore (Fall) | D,Sophomore (Spring) | A,Freshman (Fall) | A,Freshman (Fall) | B
PHIL-120,Junior (Fall) | B,Freshman (Fall) | C,Freshman (Fall) | A,Freshman (Fall) | W,Freshman (Fall) | B,,Sophomore (Spring) | B,Freshman (Fall) | B+,Freshman (Fall) | C
PHIL-170,Junior (Fall) | A,Junior (Fall) | A+,Junior (Fall) | A+,Sophomore (Fall) | D,Sophomore (Spring) | B,Sophomore (Fall) | A,Freshman (Fall) | B,Freshman (Fall) | B-,
PHIL-171,,Sophomore (Spring) | A,,,Sophomore (Spring) | A,,Sophomore (Spring) | B,Junior (Fall) | B,Junior (Fall) | B
PHIL-172,Senior (Fall) | A+,Sophomore (Spring) | A,Senior (Spring) | A+,,Freshman (Fall) | A,Sophomore (Fall) | B-,Senior (Fall) | A,,
PHIL-174,,Senior (Fall) | A,,Sophomore (Fall) | A,Freshman (Fall) | A,Sophomore (Spring) | B+,,,
PHIL-201,,,,,,Junior (Spring) | D,,,
PHIL-205,,,,,Junior (Fall) | A-,,,,
PHIL-210,Junior (Fall) | A+,,,Junior (Fall) | A+,,,,,
PHIL-300,Senior (Fall) | A+,,Junior (Fall) | B+,Senior (Fall) | A-,,,,,
PHIL-301,,,Junior (Spring) | A,Junior (Spring) | A+,,,,,
PHIL-303,,,,Senior (Spring) | A,,,,,
PHIL-322,,,,Senior (Summer) | A,,,,,
PHIL-325,,,,Senior (Spring) | A-,,,,,
PHIL-326,,,,Senior (Fall) | A-,,,,,
PHIL-345,,,,Senior (Summer) | A,Senior (Fall) | A-,,,,
PHIL-354,,,,Senior (Spring) | A,,,,,
PHIL-360,,,,,Junior (Spring) | A+,,,,
PHIL-411,,,Senior (Fall) | A+,,,,,,
PHIL-425,,,Junior (Spring) | A+,Senior (Spring) | A-,,,,,
PHIL-438,,,Junior (Fall) | A-,,,,,,
PHIL-447,,,Junior (Spring) | B,,,,,,
PHIL-525,,,,Senior (Spring) | B+,,,,,
PLUG-100,Sophomore (Fall) | NG,Senior (Spring) | NG,Senior (Spring) | NG,Junior (Spring) | NG,Sophomore (Fall) | NG,Junior (Fall) | NG,Freshman (Fall) | NG,Sophomore (Spring) | NG,Junior (Spring) | NG
POLS-101,Freshman (Fall) | A,Freshman (Spring) | W,,,Freshman (Fall) | B-,Freshman (Spring) | A,,,Junior (Fall) | A+
POLS-103,Sophomore (Fall) | A-,,Freshman (Fall) | B+,,Sophomore (Spring) | A+,,,,Sophomore (Fall) | B+
POLS-131,Freshman (Fall) | A,Freshman (Fall) | A,Sophomore (Fall) | A,Freshman (Fall) | B,Junior (Fall) | A,Sophomore (Spring) | A,Sophomore (Fall) | A,Sophomore (Fall) | A,Sophomore (Fall) | A
POLS-160,,,,,Sophomore (Fall) | A-,,,,
POLS-232,Sophomore (Spring) | A,Freshman (Fall) | A,Senior (Fall) | A,,Freshman (Fall) | A,Junior (Spring) | D,Freshman (Fall) | A,,Junior (Spring) | A
POLS-241,Sophomore (Fall) | A-,,Freshman (Fall) | A-,Sophomore (Spring) | W,Freshman (Fall) | A+,Freshman (Fall) | C,Sophomore (Fall) | A+,,Junior (Spring) | A+
POLS-302,,,,,Sophomore (Fall) | A-,,,,
PSY-100,Sophomore (Fall) | A,Freshman (Fall) | A,Sophomore (Fall) | A,Freshman (Spring) | C,Freshman (Fall) | A,Freshman (Fall) | B,Sophomore (Fall) | A,Freshman (Fall) | A,Freshman (Fall) | B
PSY-121,,,,,Junior (Summer) | A+,,,,
PSY-152,Junior (Spring) | A,,Sophomore (Spring) | A,,Junior (Spring) | B,Freshman (Fall) | C,Senior (Fall) | A,Freshman (Fall) | F,
PSY-192,,Freshman (Fall) | A,Freshman (Fall) | B,,Sophomore (Spring) | A,Freshman (Fall) | A,,,
PSY-210,,Sophomore (Fall) | A+,Junior (Spring) | A,,Sophomore (Fall) | A,Junior (Fall) | A,Senior (Summer) | A,,Junior (Spring) | A
PSY-250,Sophomore (Fall) | A,Junior (Fall) | A,Junior (Fall) | A,,Sophomore (Fall) | A,Sophomore (Fall) | B,Senior (Fall) | A,Sophomore (Fall) | B,Sophomore (Fall) | A
PSY-252,Senior (Fall) | A,Sophomore (Fall) | A,Junior (Spring) | A,,Junior (Fall) | A,Junior (Summer) | A,Senior (Summer) | A,Freshman (Fall) | B,Sophomore (Summer) | B
PSY-260,Sophomore (Spring) | A,,,,Junior (Spring) | A,Junior (Spring) | B,,,
PSY-292B,,,Junior (Spring) | A,,,,,,
PSY-292C,,Freshman (Fall) | A,Sophomore (Spring) | B,,,Freshman (Spring) | A,,,
PSY-295,,Junior (Fall) | S,,,,,,,
PSY-300,Senior (Fall) | A+,Senior (Spring) | W,,,Senior (Fall) | A+,Junior (Fall) | A,,,
PSY-305,,,,,,Junior (Summer) | A,,,
PSY-315,Junior (Summer) | A,,Senior (Fall) | B+,,Senior (Summer) | A,,,,
PSY-316,Junior (Fall) | C+,,Senior (Spring) | A,,Senior (Fall) | A,Junior (Fall) | A,,,
PSY-320,Senior (Summer) | A+,Senior (Fall) | A,Junior (Fall) | B+,Sophomore (Fall) | A+,Senior (Summer) | A+,Senior (Summer) | A+,Senior (Fall) | A+,,Junior (Spring) | A
PSY-325,Senior (Spring) | A,Senior (Fall) | A+,Senior (Spring) | B,,Senior (Spring) | A,,,Freshman (Summer) | A,
PSY-327,,Senior (Summer) | A+,,,,,,,
PSY-328,Senior (Fall) | A,Senior (Fall) | B,,,Junior (Spring) | A,,Senior (Fall) | A+,,
PSY-340,,,,,Senior (Fall) | A,,,,
PSY-345,,Senior (Fall) | A,,,,Junior (Fall) | A+,,,
PSY-350,,Sophomore (Fall) | F,Senior (Fall) | A,,Senior (Summer) | C,,,,
PSY-352,,Senior (Fall) | A-,Junior (Fall) | B,,Senior (Fall) | C,,,,
PSY-370,,Senior (Summer) | A,,,,,,,
PSY-384,Junior (Fall) | S,Senior (Fall) | S,Junior (Spring) | S,,Sophomore (Spring) | S,Sophomore (Spring) | S,,,Junior (Fall) | S
PSY-437,,Junior (Fall) | B,,,,Junior (Fall) | C+,,,
PSY-452,,Senior (Fall) | A,Senior (Spring) | A,,,,,,Senior (Spring) | A+
PSY-454,,Senior (Fall) | A,,,,,,,Senior (Fall) | A+
PSY-456,,Senior (Spring) | A,,,Senior (Fall) | B-,,,,Senior (Fall) | A+
PSY-458,,Senior (Fall) | A,Senior (Fall) | A,,,Senior (Summer) | A,,,Senior (Fall) | A-
PSY-459,,Senior (Spring) | B+,,,,,,,Senior (Fall) | B-
PSY-460,,,Senior (Spring) | A,,,,,,
PSY-465,,Junior (Fall) | W,Junior (Fall) | B+,,,,,,
PSY-492A,,,Senior (Spring) | A+,,Senior (Fall) | A,,,,
PSY-493,,,Senior (Fall) | A,,Senior (Fall) | B,,,,
PSY-495B,,,,,Senior (Fall) | S,,,,
PSY-496B,,Senior (Fall) | S,Junior (Fall) | S,,Junior (Spring) | S,,,Sophomore (Spring) | S,
REL-360,,,,,Senior (Summer) | A,Senior (Fall) | A,,,
REL-430,,,,,,Senior (Spring) | A+,,,
RRM-101,,,,,,Sophomore (Spring) | A+,,,
RRM-280A1,,,,,,Freshman (Fall) | A,,,
RRM-400,,,,,Junior (Spring) | A-,Sophomore (Fall) | A-,,,
SA-482,Senior (Spring) | NG,Senior (Summer) | NG,,Senior (Fall) | NG,Junior (Fall) | NG,Junior (Spring) | NG,Senior (Fall) | NG,,Senior (Summer) | NG
SOC-100,Sophomore (Fall) | A,Sophomore (Fall) | A,Freshman (Fall) | A,Freshman (Fall) | A,Freshman (Fall) | A,Sophomore (Fall) | A,Sophomore (Fall) | A,Freshman (Fall) | A,Freshman (Fall) | A
SOC-105,Freshman (Fall) | A,Sophomore (Fall) | A,Sophomore (Fall) | B,Freshman (Fall) | A,Freshman (Fall) | A,Freshman (Fall) | B,Freshman (Fall) | A,Freshman (Fall) | B,Freshman (Fall) | A
SOC-205,Junior (Fall) | A,Junior (Fall) | A,Freshman (Spring) | B+,Junior (Fall) | A,Sophomore (Fall) | A,Sophomore (Spring) | A,Junior (Fall) | B+,,Freshman (Fall) | A+
SOC-220,Junior (Fall) | A,Junior (Fall) | A,Sophomore (Fall) | A,Freshman (Fall) | A,Junior (Fall) | A,Sophomore (Spring) | A,Junior (Fall) | A-,,Sophomore (Fall) | A
SOC-253,Junior (Fall) | A+,Freshman (Fall) | A+,Sophomore (Fall) | B+,,Sophomore (Fall) | A,Freshman (Fall) | A+,Junior (Spring) | A+,,Junior (Fall) | A+
SOC-270,,,,Freshman (Fall) | B-,,Freshman (Fall) | B+,,,
SOC-271,Freshman (Fall) | B,,,,,Freshman (Fall) | C,,,
SOC-301,,Junior (Summer) | A,,,,,Junior (Spring) | A,,
SOC-302,Junior (Fall) | A+,Senior (Fall) | A-,,,,,,,
SOC-311,Junior (Fall) | A-,Junior (Summer) | A-,,,,,,,
SOC-324,,,,,,Sophomore (Fall) | B-,,,
SOC-333,,Senior (Fall) | A-,,,,,,,
SOC-334,,Senior (Fall) | A-,,,,,,,
SOC-344,Senior (Spring) | A,,,Sophomore (Spring) | C,,,,,
SOC-352,,Junior (Fall) | D,,,,,,,
SOC-356,,Senior (Spring) | A,,,,,,,
SOC-357,Senior (Fall) | A+,,,,,,,,
SOC-358,Senior (Spring) | A,,,,,,,,
SOC-372,Junior (Spring) | A,Junior (Fall) | F,,,,,Senior (Fall) | A+,,
SOC-482A,Junior (Summer) | A,,,,,,,,
SOC-482B,Junior (Summer) | A,,,,,,,,
SOCR-171,Freshman (Fall) | A,,,Sophomore (Fall) | A,,,,,
SOCR-240,,,,,Sophomore (Spring) | W,,,,
SOCR-320,Junior (Spring) | A,,,,,,,,
SOCR-330,Junior (Fall) | A,Senior (Fall) | A,,Senior (Spring) | A,Junior (Fall) | A,Sophomore (Fall) | C,Junior (Spring) | A,,Senior (Spring) | A
SOCR-455,,,,,,,Senior (Fall) | A,,
SOWK-120,Senior (Fall) | A+,,,,,,,,
SOWK-150,Senior (Fall) | A,,,,Sophomore (Spring) | A,Freshman (Fall) | A,,,
SPCM-100,Sophomore (Fall) | A,Sophomore (Spring) | A+,Junior (Spring) | A,Sophomore (Fall) | B+,Sophomore (Fall) | A,Sophomore (Fall) | A-,Sophomore (Fall) | A,Sophomore (Spring) | A-,Junior (Fall) | A
SPCM-130,,Freshman (Fall) | C+,,,Junior (Fall) | B,Freshman (Spring) | B+,Freshman (Fall) | C,Sophomore (Fall) | B,
SPCM-200,Sophomore (Fall) | A,,Junior (Fall) | B-,Freshman (Fall) | A,Sophomore (Fall) | A,Sophomore (Fall) | B,Junior (Spring) | A,Freshman (Fall) | C+,Sophomore (Fall) | A-
SPCM-201,Junior (Fall) | A+,Freshman (Fall) | A,,,Sophomore (Fall) | A+,Sophomore (Fall) | A-,,,
SPCM-207,,,,,,Sophomore (Fall) | A,,,
SPCM-232,,,,,Senior (Spring) | W,,,,
SPCM-331,,,,,,,Junior (Spring) | B,,
SPCM-334,,,,,Sophomore (Spring) | A-,,,,
SPCM-337,Senior (Fall) | A,,,,,,,,
SPCM-341,,,,,,Junior (Fall) | A-,,,
SPCM-342,,,,,,Sophomore (Fall) | A-,,,
SPCM-350,Junior (Spring) | A,,,,Sophomore (Fall) | C+,,,,
SPCM-357,Senior (Fall) | A,,,,,,,,
SPCM-358B,Senior (Spring) | A+,,,,,,,,
SPCM-358C,Senior (Fall) | A+,,,,,,,,
SPCM-408,,,,,Junior (Fall) | B+,,,,
SPMT-201,,,,,Sophomore (Fall) | A,Junior (Spring) | A,,,
SPMT-240,,,,,Sophomore (Fall) | B-,Senior (Fall) | A+,,,
SPMT-314,,,,,,Senior (Spring) | A,,,
SPMT-339,,,,,Junior (Fall) | A,Senior (Fall) | B+,,,
SPMT-487,,,,,,Senior (Fall) | A+,,,
STAT-100,,,,,,Sophomore (Spring) | B,,Sophomore (Fall) | A-,
STAT-158,Sophomore (Summer) | A,Junior (Spring) | A,Junior (Spring) | A,,,Sophomore (Spring) | B-,Junior (Spring) | A,,
STAT-192,,,,,,Freshman (Fall) | A-,,,
STAT-201,Sophomore (Spring) | NGC,,Senior (Summer) | A+,,Sophomore (Spring) | NGC,Junior (Fall) | NGC,Junior (Fall) | NGC,,Junior (Spring) | NGC
STAT-204,Junior (Fall) | NGC,,,,Junior (Spring) | NGC,Junior (Spring) | NGC,,,Junior (Spring) | NGC
STAT-301,Junior (Fall) | A,Junior (Fall) | A,Junior (Spring) | A-,Junior (Spring) | C,Junior (Fall) | A,Junior (Fall) | C,Senior (Fall) | A,,Junior (Fall) | B
STAT-302A,,,,,Senior (Fall) | A+,Sophomore (Fall) | A,,,
STAT-307,Junior (Spring) | A,Senior (Fall) | A,Senior (Fall) | A,Senior (Fall) | B,Junior (Fall) | A,Junior (Fall) | C,Senior (Fall) | A,Sophomore (Fall) | B,Junior (Fall) | A-
STAT-315,Senior (Fall) | A,,Senior (Spring) | A-,,Junior (Fall) | C,,,,
STAT-331,,Senior (Fall) | A+,,,,,,,
STAT-341,,Senior (Fall) | A,Senior (Fall) | A+,,,,Senior (Fall) | A+,,
STAT-342,,Senior (Spring) | A+,Senior (Spring) | A,,,,Senior (Spring) | A+,,
STAT-384,,,,,,,Senior (Spring) | A,,
STAT-420,,,Senior (Fall) | C+,,,,Senior (Fall) | A,,
STAT-460,,,Senior (Spring) | A,,,,,,
STAT-495,,,,,,Freshman (Fall) | S,,,
TH-141,Sophomore (Fall) | A,Sophomore (Fall) | A,Freshman (Fall) | B+,,Sophomore (Fall) | A,Sophomore (Spring) | A,Sophomore (Summer) | A+,,
TH-400,,,,,Sophomore (Fall) | A,,,,
VMBS-100,Sophomore (Fall) | A,Freshman (Fall) | D,,Freshman (Fall) | A,Freshman (Fall) | A,Freshman (Fall) | A,Sophomore (Fall) | A,,Freshman (Fall) | A
VMBS-101,Freshman (Summer) | S,,,,,,,,
VMBS-165,Sophomore (Spring) | A+,Sophomore (Spring) | A+,,,,,Senior (Spring) | A+,Sophomore (Spring) | A,
VMBS-180A1,Freshman (Summer) | A,,,,,,,,
VMBS-180A2,Sophomore (Spring) | A+,,,,,,Sophomore (Spring) | A+,,
VMBS-192,Sophomore (Fall) | A,Freshman (Fall) | A,,,,,Sophomore (Fall) | A,Freshman (Fall) | A,Freshman (Fall) | A
VMBS-480A1,,,Junior (Fall) | A+,Junior (Fall) | A+,,,,,
VS-331,Senior (Spring) | A,,Senior (Fall) | C,,Junior (Spring) | W,,Senior (Fall) | A,,
VS-333,Senior (Fall) | A,,,,,,Junior (Fall) | A,,
VS-495,Junior (Fall) | S,Sophomore (Fall) | W,Sophomore (Fall) | W,,Sophomore (Fall) | S,,Sophomore (Fall) | S,,
WR-204,,,,,Freshman (Spring) | B+,Sophomore (Spring) | A,,,
WS-200,Freshman (Fall) | B,Sophomore (Spring) | A+,,,Senior (Fall) | A,Freshman (Spring) | A+,Sophomore (Fall) | A-,,
WS-270,,Freshman (Fall) | A+,,,Freshman (Fall) | A,,,,
WS-397,,,,,,,Sophomore (Fall) | A+,,
WS-472,Senior (Spring) | A+,,,,,,,,
WS-495,,,,,Junior (Spring) | A+,,,,
