course_id,term_season,major_group,total_enrollments
AA-100,Fall,Exercise Science,5
AA-100,Spring,Exercise Science,3
AA-100,Summer,Anatomy and Physiology,1
AA-101,Fall,Exercise Science,1
AA-101,Spring,Exercise Science,2
AB-480A2,Spring,Health Promotion,1
AB-509,Fall,Microbiology and Infectious Disease,1
ACT-205,Fall,Health Promotion,9
ACT-205,Spring,Health Promotion,8
ACT-205,Summer,Exercise Science,2
ACT-210,Fall,Exercise Science,1
ACT-210,Spring,Exercise Science,2
ACT-210,Summer,Exercise Science,1
ACT-220,Fall,Anatomy and Physiology,1
ACT-220,Spring,Health Promotion,1
AGED-110,Spring,Anatomy and Physiology,2
AGED-220,Fall,Anatomy and Physiology,1
AGED-330,Spring,Anatomy and Physiology,1
AGRI-116,Fall,Anatomy and Physiology,4
AHS-280A1,Fall,Behavioral and Cognitive Neuroscience,1
AHS-487B,Fall,Anatomy and Physiology,1
AM-101,Fall,Exercise Science,1
AM-110,Spring,Exercise Science,2
AM-130,Fall,Exercise Science,2
AM-130,Spring,Exercise Science,1
AM-143,Spring,Exercise Science,2
AM-220,Fall,Exercise Science,2
AM-250,Fall,Exercise Science,3
AM-250,Spring,Exercise Science,1
AM-364,Summer,Anatomy and Physiology,1
AMST-100,Fall,Exercise Science,4
AMST-100,Spring,Exercise Science,4
AMST-101,Fall,Health Promotion,9
AMST-101,Spring,Health Promotion,11
ANEQ-101,Fall,Anatomy and Physiology,10
ANEQ-101,Spring,Other,1
ANEQ-102,Fall,Anatomy and Physiology,6
ANEQ-105,Fall,Anatomy and Physiology,2
ANEQ-105,Spring,Microbiology and Infectious Disease,3
ANEQ-115,Spring,Anatomy and Physiology,4
ANEQ-180A2,Fall,Microbiology and Infectious Disease,1
ANEQ-193,Fall,Exercise Science,6
ANEQ-201B,Spring,Microbiology and Infectious Disease,1
ANEQ-201B,Summer,Microbiology and Infectious Disease,1
ANEQ-250,Fall,Anatomy and Physiology,2
ANEQ-292,Spring,Anatomy and Physiology,1
ANEQ-293,Spring,Anatomy and Physiology,1
ANEQ-300A,Fall,Exercise Science,1
ANEQ-300A,Spring,Anatomy and Physiology,1
ANEQ-305,Fall,Microbiology and Infectious Disease,2
ANEQ-305,Spring,Anatomy and Physiology,1
ANEQ-305,Summer,Anatomy and Physiology,1
ANEQ-310,Fall,Anatomy and Physiology,1
ANEQ-310,Spring,Anatomy and Physiology,1
ANEQ-320,Fall,Anatomy and Physiology,22
ANEQ-320,Spring,Anatomy and Physiology,8
ANEQ-328,Fall,Anatomy and Physiology,2
ANEQ-328,Spring,Microbiology and Infectious Disease,1
ANEQ-334,Summer,Microbiology and Infectious Disease,1
ANEQ-344,Fall,Microbiology and Infectious Disease,1
ANEQ-345,Spring,Microbiology and Infectious Disease,1
ANEQ-346,Fall,Microbiology and Infectious Disease,2
ANEQ-351,Fall,Microbiology and Infectious Disease,2
ANEQ-360,Fall,Anatomy and Physiology,2
ANEQ-365,Spring,Microbiology and Infectious Disease,2
ANEQ-384,Fall,Microbiology and Infectious Disease,1
ANEQ-384,Spring,Anatomy and Physiology,1
ANEQ-440,Fall,Microbiology and Infectious Disease,1
ANEQ-486,Fall,Microbiology and Infectious Disease,1
ANEQ-487B,Summer,Microbiology and Infectious Disease,1
ANEQ-522,Fall,Anatomy and Physiology,1
ANTH-100,Fall,Health Promotion,3
ANTH-100,Spring,Exercise Science,7
ANTH-120,Fall,Exercise Science,5
ANTH-120,Spring,Exercise Science,5
ANTH-121,Fall,Anatomy and Physiology,1
ANTH-121,Spring,Exercise Science,1
ANTH-140,Fall,Exercise Science,11
ANTH-140,Spring,Exercise Science,12
ANTH-140,Summer,Anatomy and Physiology,3
ANTH-200,Fall,Anatomy and Physiology,6
ANTH-200,Spring,Exercise Science,9
ANTH-200,Summer,Anatomy and Physiology,1
ANTH-240,Fall,Anatomy and Physiology,1
ANTH-261,Spring,Exercise Science,1
ANTH-274,Fall,Neuroscience,1
ANTH-274,Spring,Exercise Science,2
ANTH-275,Fall,Microbiology and Infectious Disease,1
ANTH-275,Summer,Anatomy and Physiology,1
ANTH-356,Spring,Microbiology and Infectious Disease,1
ANTH-372,Fall,Anatomy and Physiology,2
ANTH-372,Spring,Anatomy and Physiology,1
ANTH-379,Fall,Exercise Science,2
AREC-202,Fall,Exercise Science,6
AREC-202,Spring,Exercise Science,4
AREC-222,Fall,Anatomy and Physiology,1
AREC-240,Fall,Environmental and Public Health,1
AREC-342,Spring,Environmental and Public Health,2
AREC-375,Fall,Microbiology and Infectious Disease,1
ART-100,Fall,Exercise Science,63
ART-100,Spring,Exercise Science,42
ART-100,Summer,Anatomy and Physiology,3
ART-105,Fall,Exercise Science,1
ART-105,Spring,Microbiology and Infectious Disease,1
ART-110,Fall,Exercise Science,1
ART-111,Spring,Exercise Science,1
ART-120,Fall,Exercise Science,1
ART-135,Fall,Anatomy and Physiology,1
ART-135,Spring,Exercise Science,1
ART-160,Spring,Exercise Science,1
ART-170,Spring,Exercise Science,1
ART-200,Fall,Health Promotion,1
ART-200,Spring,Health Promotion,1
ART-200,Summer,Health Promotion,1
ART-236,Fall,Anatomy and Physiology,1
ART-240,Spring,Anatomy and Physiology,1
ART-275J,Summer,Anatomy and Physiology,1
ART-340,Fall,Anatomy and Physiology,1
AS-101,Fall,Exercise Science,6
AS-102,Spring,Exercise Science,4
AS-196A,Fall,Exercise Science,6
AS-196B,Spring,Exercise Science,4
AS-201,Fall,Exercise Science,3
AS-202,Spring,Exercise Science,1
AS-296A,Fall,Exercise Science,3
AS-296B,Spring,Exercise Science,1
AS-301,Fall,Exercise Science,1
AS-302,Spring,Exercise Science,1
AS-396A,Fall,Exercise Science,1
AS-396B,Spring,Exercise Science,1
AS-401,Fall,Exercise Science,1
AS-496A,Fall,Exercise Science,1
ATS-150,Fall,Microbiology and Infectious Disease,3
ATS-150,Spring,Anatomy and Physiology,2
ATS-350,Fall,Environmental and Public Health,3
ATS-351,Fall,Anatomy and Physiology,1
BC-192,Fall,Anatomy and Physiology,16
BC-295,Spring,Anatomy and Physiology,1
BC-351,Fall,Anatomy and Physiology,110
BC-351,Spring,Anatomy and Physiology,48
BC-351,Summer,Anatomy and Physiology,25
BC-401,Fall,Cell and Molecular Neuroscience,32
BC-401,Spring,Cell and Molecular Neuroscience,1
BC-403,Spring,Cell and Molecular Neuroscience,17
BC-404,Fall,Cell and Molecular Neuroscience,7
BC-404,Spring,Cell and Molecular Neuroscience,11
BC-405,Spring,Cell and Molecular Neuroscience,1
BC-411,Fall,Cell and Molecular Neuroscience,2
BC-463,Fall,Behavioral and Cognitive Neuroscience,1
BC-465,Spring,Cell and Molecular Neuroscience,9
BC-465,Summer,Cell and Molecular Neuroscience,5
BC-475,Fall,Anatomy and Physiology,2
BC-484,Fall,Cell and Molecular Neuroscience,9
BC-484,Spring,Cell and Molecular Neuroscience,5
BC-496,Fall,Cell and Molecular Neuroscience,5
BC-498,Fall,Anatomy and Physiology,2
BC-498,Spring,Anatomy and Physiology,1
BC-566,Spring,Anatomy and Physiology,1
BIOM-100,Fall,Exercise Science,10
BIOM-109,Fall,Anatomy and Physiology,2
BIOM-200,Fall,Anatomy and Physiology,4
BIOM-300,Spring,Anatomy and Physiology,4
BIOM-304,Spring,Anatomy and Physiology,1
BIOM-350A,Summer,Behavioral and Cognitive Neuroscience,1
BIOM-350B,Spring,Anatomy and Physiology,1
BIOM-350C,Spring,Anatomy and Physiology,2
BMS-200,Fall,Exercise Science,71
BMS-200,Spring,Exercise Science,95
BMS-200,Summer,Exercise Science,1
BMS-260,Spring,Anatomy and Physiology,616
BMS-296,Spring,Anatomy and Physiology,67
BMS-300,Fall,Exercise Science,187
BMS-300,Spring,Exercise Science,215
BMS-300,Summer,Exercise Science,30
BMS-301,Fall,Exercise Science,363
BMS-301,Spring,Exercise Science,88
BMS-301,Summer,Exercise Science,48
BMS-302,Fall,Exercise Science,364
BMS-302,Spring,Exercise Science,409
BMS-304,Fall,Anatomy and Physiology,39
BMS-305,Spring,Anatomy and Physiology,78
BMS-320,Fall,Exercise Science,2
BMS-320,Spring,Exercise Science,3
BMS-325,Fall,Behavioral and Cognitive Neuroscience,26
BMS-325,Spring,Anatomy and Physiology,11
BMS-330,Spring,Anatomy and Physiology,16
BMS-345,Fall,Cell and Molecular Neuroscience,38
BMS-345,Spring,Behavioral and Cognitive Neuroscience,52
BMS-384,Fall,Anatomy and Physiology,52
BMS-384,Spring,Anatomy and Physiology,16
BMS-384,Summer,Anatomy and Physiology,1
BMS-400,Spring,Anatomy and Physiology,8
BMS-401,Fall,Anatomy and Physiology,14
BMS-401,Spring,Anatomy and Physiology,6
BMS-405,Spring,Anatomy and Physiology,4
BMS-409,Fall,Anatomy and Physiology,23
BMS-420,Fall,Anatomy and Physiology,91
BMS-421,Fall,Anatomy and Physiology,128
BMS-425,Spring,Cell and Molecular Neuroscience,2
BMS-430,Fall,Anatomy and Physiology,42
BMS-450,Spring,Anatomy and Physiology,38
BMS-450,Summer,Anatomy and Physiology,9
BMS-460,Fall,Anatomy and Physiology,56
BMS-461,Fall,Anatomy and Physiology,41
BMS-461,Spring,Anatomy and Physiology,2
BMS-487,Fall,Anatomy and Physiology,1
BMS-495,Fall,Anatomy and Physiology,1
BMS-495,Spring,Anatomy and Physiology,2
BMS-496A,Fall,Anatomy and Physiology,20
BMS-496A,Spring,Anatomy and Physiology,4
BMS-496B,Spring,Anatomy and Physiology,10
BMS-496C,Spring,Anatomy and Physiology,38
BMS-496D,Spring,Anatomy and Physiology,2
BMS-498,Fall,Anatomy and Physiology,2
BMS-498,Spring,Anatomy and Physiology,4
BMS-500,Fall,Anatomy and Physiology,6
BMS-501,Spring,Anatomy and Physiology,1
BMS-521,Spring,Anatomy and Physiology,1
BMS-531,Spring,Anatomy and Physiology,2
BMS-545,Spring,Behavioral and Cognitive Neuroscience,4
BMS-575,Fall,Anatomy and Physiology,15
BMS-575,Spring,Anatomy and Physiology,5
BSPM-102,Fall,Exercise Science,3
BSPM-102,Spring,Health Promotion,2
BSPM-102,Summer,Exercise Science,5
BSPM-302,Fall,Microbiology and Infectious Disease,2
BSPM-303A,Fall,Exercise Science,1
BSPM-361,Spring,Behavioral and Cognitive Neuroscience,2
BSPM-365,Fall,Behavioral and Cognitive Neuroscience,2
BUS-100,Fall,Exercise Science,7
BUS-100,Spring,Exercise Science,1
BUS-105,Fall,Exercise Science,7
BUS-150,Fall,Exercise Science,5
BUS-150,Spring,Health Promotion,4
BUS-201,Fall,Exercise Science,2
BUS-201,Spring,Exercise Science,1
BUS-201,Summer,Anatomy and Physiology,1
BUS-205,Fall,Health Promotion,8
BUS-205,Spring,Health Promotion,11
BUS-205,Summer,Health Promotion,2
BUS-210,Fall,Exercise Science,2
BUS-210,Spring,Cell and Molecular Neuroscience,1
BUS-220,Fall,Exercise Science,23
BUS-220,Spring,Exercise Science,20
BUS-220,Summer,Anatomy and Physiology,2
BUS-225,Fall,Health Promotion,2
BUS-250,Fall,Exercise Science,4
BUS-260,Fall,Anatomy and Physiology,1
BUS-260,Spring,Exercise Science,1
BUS-269,Fall,Health Promotion,1
BUS-300,Spring,Health Promotion,2
BUS-361,Fall,Health Promotion,1
BUS-380A5,Fall,Anatomy and Physiology,1
BUS-405A,Fall,Anatomy and Physiology,1
BUS-479,Fall,Anatomy and Physiology,1
BZ-101,Fall,Exercise Science,5
BZ-101,Spring,Health Promotion,2
BZ-104,Fall,Exercise Science,4
BZ-110,Fall,Health Promotion,17
BZ-110,Spring,Health Promotion,7
BZ-110,Summer,Microbiology and Infectious Disease,2
BZ-111,Fall,Health Promotion,13
BZ-111,Spring,Health Promotion,11
BZ-120,Fall,Exercise Science,4
BZ-120,Spring,Exercise Science,6
BZ-182A,Fall,Health Promotion,2
BZ-192,Fall,Exercise Science,6
BZ-212,Fall,Anatomy and Physiology,6
BZ-214,Spring,Microbiology and Infectious Disease,8
BZ-220,Fall,Anatomy and Physiology,13
BZ-220,Spring,Exercise Science,6
BZ-220,Summer,Exercise Science,2
BZ-223,Fall,Anatomy and Physiology,1
BZ-240,Spring,Other,1
BZ-300,Fall,Anatomy and Physiology,2
BZ-310,Fall,Anatomy and Physiology,2
BZ-310,Spring,Exercise Science,6
BZ-310,Summer,Anatomy and Physiology,2
BZ-311,Spring,Other,2
BZ-329,Spring,Anatomy and Physiology,3
BZ-333,Summer,Microbiology and Infectious Disease,2
BZ-350,Fall,Exercise Science,15
BZ-350,Spring,Anatomy and Physiology,11
BZ-350,Summer,Anatomy and Physiology,3
BZ-360,Fall,Microbiology and Infectious Disease,10
BZ-384,Spring,Anatomy and Physiology,2
BZ-415,Spring,Anatomy and Physiology,1
BZ-418,Spring,Microbiology and Infectious Disease,1
BZ-420,Fall,Other,1
BZ-435A,Spring,Anatomy and Physiology,2
BZ-450,Spring,Anatomy and Physiology,2
BZ-475,Fall,Microbiology and Infectious Disease,1
BZ-480A4,Fall,Microbiology and Infectious Disease,4
BZ-480A4,Spring,Microbiology and Infectious Disease,2
BZ-498,Fall,Anatomy and Physiology,1
BZ-541,Spring,Anatomy and Physiology,1
CBE-101,Spring,Exercise Science,2
CBE-101A,Fall,Anatomy and Physiology,1
CBE-101A,Spring,Anatomy and Physiology,2
CBE-101B,Fall,Anatomy and Physiology,1
CBE-101B,Spring,Anatomy and Physiology,2
CBE-160,Fall,Anatomy and Physiology,1
CBE-160,Spring,Exercise Science,3
CBE-201,Fall,Exercise Science,1
CBE-205,Fall,Exercise Science,1
CBE-210,Spring,Exercise Science,1
CBE-393,Spring,Exercise Science,1
CHEM-103,Fall,Exercise Science,2
CHEM-103,Spring,Anatomy and Physiology,1
CHEM-104,Fall,Behavioral and Cognitive Neuroscience,1
CHEM-105,Fall,Health Promotion,7
CHEM-105,Spring,Exercise Science,8
CHEM-107,Fall,Health Promotion,54
CHEM-107,Spring,Health Promotion,75
CHEM-107,Summer,Exercise Science,3
CHEM-108,Fall,Health Promotion,48
CHEM-108,Spring,Health Promotion,73
CHEM-108,Summer,Health Promotion,2
CHEM-111,Fall,Anatomy and Physiology,700
CHEM-111,Spring,Exercise Science,699
CHEM-111,Summer,Exercise Science,16
CHEM-112,Fall,Anatomy and Physiology,323
CHEM-112,Spring,Exercise Science,275
CHEM-112,Summer,Anatomy and Physiology,7
CHEM-113,Fall,Exercise Science,279
CHEM-113,Spring,Anatomy and Physiology,251
CHEM-113,Summer,Exercise Science,13
CHEM-114,Fall,Exercise Science,259
CHEM-114,Spring,Anatomy and Physiology,228
CHEM-114,Summer,Exercise Science,9
CHEM-115,Fall,Exercise Science,8
CHEM-115,Spring,Anatomy and Physiology,9
CHEM-120,Fall,Exercise Science,2
CHEM-121,Fall,Exercise Science,1
CHEM-192,Fall,Microbiology and Infectious Disease,2
CHEM-231,Fall,Microbiology and Infectious Disease,2
CHEM-232,Fall,Anatomy and Physiology,1
CHEM-241,Spring,Anatomy and Physiology,2
CHEM-242,Spring,Anatomy and Physiology,1
CHEM-245,Fall,Exercise Science,132
CHEM-245,Spring,Exercise Science,63
CHEM-245,Summer,Environmental and Public Health,2
CHEM-246,Fall,Exercise Science,129
CHEM-246,Spring,Exercise Science,59
CHEM-246,Summer,Exercise Science,2
CHEM-263,Spring,Anatomy and Physiology,5
CHEM-264,Spring,Anatomy and Physiology,1
CHEM-311,Fall,Exercise Science,1
CHEM-320,Fall,Behavioral and Cognitive Neuroscience,10
CHEM-333,Fall,Anatomy and Physiology,7
CHEM-338,Spring,Anatomy and Physiology,2
CHEM-341,Fall,Anatomy and Physiology,219
CHEM-341,Spring,Anatomy and Physiology,62
CHEM-341,Summer,Anatomy and Physiology,6
CHEM-343,Fall,Anatomy and Physiology,62
CHEM-343,Spring,Anatomy and Physiology,143
CHEM-343,Summer,Anatomy and Physiology,6
CHEM-344,Fall,Anatomy and Physiology,48
CHEM-344,Spring,Anatomy and Physiology,119
CHEM-344,Summer,Anatomy and Physiology,3
CHEM-384,Fall,Anatomy and Physiology,11
CHEM-384,Spring,Anatomy and Physiology,4
CHEM-434,Fall,Anatomy and Physiology,1
CHEM-440,Fall,Anatomy and Physiology,1
CHEM-445,Fall,Anatomy and Physiology,1
CHEM-448,Spring,Anatomy and Physiology,2
CIS-200,Fall,Anatomy and Physiology,4
CIS-200,Spring,Exercise Science,2
CIS-200,Summer,Cell and Molecular Neuroscience,1
CIS-240,Spring,Anatomy and Physiology,1
CIS-310,Fall,Anatomy and Physiology,1
CIS-320,Spring,Anatomy and Physiology,1
CIS-340,Spring,Anatomy and Physiology,1
CIS-370,Spring,Anatomy and Physiology,1
CIS-411,Spring,Anatomy and Physiology,1
CIS-575,Fall,Anatomy and Physiology,1
CIVE-102,Fall,Behavioral and Cognitive Neuroscience,2
CIVE-103,Spring,Health Promotion,2
CIVE-260,Fall,Exercise Science,2
CIVE-260,Spring,Environmental and Public Health,1
CIVE-261,Fall,Anatomy and Physiology,1
CIVE-261,Spring,Exercise Science,2
CIVE-360,Summer,Anatomy and Physiology,1
CO-130,Fall,Exercise Science,5
CO-130,Spring,Exercise Science,11
CO-130,Summer,Exercise Science,1
CO-150,Fall,Exercise Science,103
CO-150,Spring,Exercise Science,246
CO-150,Summer,Anatomy and Physiology,16
CO-300,Fall,Anatomy and Physiology,24
CO-300,Spring,Anatomy and Physiology,16
CO-300,Summer,Anatomy and Physiology,7
CO-301A,Fall,Anatomy and Physiology,2
CO-301A,Spring,Anatomy and Physiology,1
CO-301B,Fall,Exercise Science,131
CO-301B,Spring,Exercise Science,98
CO-301B,Summer,Exercise Science,65
CO-302,Fall,Health Promotion,1
CON-101,Fall,Anatomy and Physiology,1
CON-131,Spring,Anatomy and Physiology,1
CON-151,Fall,Microbiology and Infectious Disease,1
CON-151,Spring,Anatomy and Physiology,1
CON-192,Fall,Anatomy and Physiology,1
CON-251,Fall,Anatomy and Physiology,2
CON-253,Fall,Anatomy and Physiology,2
CON-265,Fall,Anatomy and Physiology,2
CON-317,Spring,Anatomy and Physiology,1
CON-353,Spring,Anatomy and Physiology,3
CON-358,Spring,Anatomy and Physiology,1
CON-366,Spring,Anatomy and Physiology,2
CS-110,Fall,Exercise Science,14
CS-110,Spring,Behavioral and Cognitive Neuroscience,6
CS-110,Summer,Environmental and Public Health,1
CS-150B,Fall,Exercise Science,22
CS-150B,Spring,Anatomy and Physiology,8
CS-150B,Summer,Cell and Molecular Neuroscience,2
CS-152,Fall,Exercise Science,2
CS-152,Spring,Microbiology and Infectious Disease,4
CS-162,Fall,Exercise Science,2
CS-162,Spring,Cell and Molecular Neuroscience,2
CS-163,Fall,Cell and Molecular Neuroscience,2
CS-163,Spring,Anatomy and Physiology,1
CS-164,Fall,Cell and Molecular Neuroscience,2
CS-164,Spring,Anatomy and Physiology,7
CS-165,Fall,Health Promotion,2
CS-165,Spring,Cell and Molecular Neuroscience,4
CS-165,Summer,Anatomy and Physiology,1
CS-192,Fall,Exercise Science,3
CS-201,Fall,Cell and Molecular Neuroscience,1
CS-201,Spring,Anatomy and Physiology,2
CS-214,Fall,Cell and Molecular Neuroscience,2
CS-214,Spring,Cell and Molecular Neuroscience,2
CS-220,Fall,Cell and Molecular Neuroscience,6
CS-220,Spring,Exercise Science,2
CS-220,Summer,Anatomy and Physiology,1
CS-250,Summer,Cell and Molecular Neuroscience,1
CS-312,Spring,Cell and Molecular Neuroscience,2
CS-314,Fall,Cell and Molecular Neuroscience,1
CS-320,Fall,Cell and Molecular Neuroscience,1
CS-345,Spring,Cell and Molecular Neuroscience,1
CS-356,Fall,Cell and Molecular Neuroscience,1
CS-356,Summer,Cell and Molecular Neuroscience,1
CS-425,Spring,Microbiology and Infectious Disease,1
CS-435,Fall,Cell and Molecular Neuroscience,2
CS-480A8,Spring,Cell and Molecular Neuroscience,1
CT-301,Spring,Health Promotion,2
D-110,Fall,Exercise Science,11
D-110,Spring,Exercise Science,3
D-110,Summer,Anatomy and Physiology,1
D-120A,Fall,Health Promotion,1
D-120B,Spring,Exercise Science,1
D-220A,Fall,Behavioral and Cognitive Neuroscience,1
DM-182A,Fall,Environmental and Public Health,1
DM-192A,Spring,Exercise Science,1
DM-192B,Spring,Behavioral and Cognitive Neuroscience,1
DM-272,Fall,Exercise Science,1
DSCI-235,Spring,Cell and Molecular Neuroscience,2
DSCI-320,Fall,Cell and Molecular Neuroscience,3
DSCI-335,Spring,Behavioral and Cognitive Neuroscience,1
DSCI-336,Spring,Cell and Molecular Neuroscience,1
DSCI-369,Spring,Anatomy and Physiology,2
DSCI-445,Fall,Cell and Molecular Neuroscience,1
DSCI-478,Spring,Cell and Molecular Neuroscience,1
E-140,Fall,Behavioral and Cognitive Neuroscience,3
E-140,Spring,Anatomy and Physiology,2
E-142,Fall,Anatomy and Physiology,3
E-142,Spring,Exercise Science,3
E-150,Fall,Health Promotion,1
E-202,Spring,Anatomy and Physiology,1
E-204,Spring,Microbiology and Infectious Disease,1
E-206,Spring,Cell and Molecular Neuroscience,1
E-210,Fall,Behavioral and Cognitive Neuroscience,1
E-210,Spring,Microbiology and Infectious Disease,4
E-232,Fall,Exercise Science,6
E-232,Spring,Exercise Science,2
E-232,Summer,Health Promotion,1
E-236,Fall,Exercise Science,8
E-236,Spring,Anatomy and Physiology,2
E-237,Fall,Anatomy and Physiology,1
E-238,Fall,Anatomy and Physiology,7
E-238,Spring,Exercise Science,2
E-238,Summer,Exercise Science,1
E-240,Fall,Health Promotion,1
E-240,Spring,Health Promotion,1
E-242,Fall,Anatomy and Physiology,1
E-242,Spring,Microbiology and Infectious Disease,1
E-245,Fall,Anatomy and Physiology,2
E-245,Spring,Cell and Molecular Neuroscience,2
E-270,Fall,Health Promotion,2
E-270,Spring,Exercise Science,2
E-276,Fall,Anatomy and Physiology,3
E-276,Spring,Anatomy and Physiology,2
E-277,Fall,Microbiology and Infectious Disease,1
E-277,Spring,Health Promotion,1
E-311A,Fall,Exercise Science,2
E-311B,Fall,Microbiology and Infectious Disease,2
E-311B,Spring,Health Promotion,2
E-328,Spring,Behavioral and Cognitive Neuroscience,1
E-333,Fall,Exercise Science,1
E-352,Summer,Cell and Molecular Neuroscience,1
E-412A,Spring,Exercise Science,2
EAP-102,Fall,Anatomy and Physiology,1
ECE-102,Fall,Cell and Molecular Neuroscience,2
ECE-204,Spring,Anatomy and Physiology,1
ECON-101,Fall,Exercise Science,4
ECON-101,Spring,Anatomy and Physiology,1
ECON-101,Summer,Health Promotion,1
ECON-202,Fall,Health Promotion,53
ECON-202,Spring,Health Promotion,43
ECON-202,Summer,Health Promotion,4
ECON-204,Fall,Health Promotion,6
ECON-204,Spring,Health Promotion,6
ECON-211,Fall,Anatomy and Physiology,12
ECON-211,Spring,Health Promotion,12
ECON-211,Summer,Health Promotion,3
ECON-212,Fall,Behavioral and Cognitive Neuroscience,5
ECON-212,Spring,Exercise Science,3
ECON-235,Summer,Exercise Science,1
ECON-240,Fall,Health Promotion,2
EDUC-275,Fall,Health Promotion,2
EDUC-275,Spring,Exercise Science,1
EDUC-275,Summer,Microbiology and Infectious Disease,1
ENGR-101,Fall,Cell and Molecular Neuroscience,1
ENGR-120,Fall,Exercise Science,1
ENGR-180A2,Fall,Exercise Science,4
ENGR-533,Fall,Anatomy and Physiology,1
ERHS-210,Fall,Environmental and Public Health,1
ERHS-220,Fall,Environmental and Public Health,43
ERHS-220,Spring,Environmental and Public Health,16
ERHS-230,Spring,Environmental and Public Health,21
ERHS-320,Fall,Environmental and Public Health,23
ERHS-332,Spring,Environmental and Public Health,9
ERHS-340,Fall,Anatomy and Physiology,12
ERHS-350,Fall,Environmental and Public Health,14
ERHS-380A1,Spring,Environmental and Public Health,1
ERHS-410,Spring,Environmental and Public Health,3
ERHS-430,Fall,Environmental and Public Health,28
ERHS-446,Fall,Environmental and Public Health,16
ERHS-448,Fall,Environmental and Public Health,12
ERHS-450,Spring,Environmental and Public Health,6
ERHS-479,Fall,Environmental and Public Health,10
ERHS-479,Spring,Environmental and Public Health,14
ERHS-482A,Summer,Anatomy and Physiology,5
ERHS-484,Fall,Environmental and Public Health,1
ERHS-487,Fall,Environmental and Public Health,1
ERHS-487,Summer,Environmental and Public Health,6
ERHS-498,Fall,Environmental and Public Health,1
ERHS-501,Fall,Health Promotion,1
ERHS-566,Spring,Other,1
ESS-120,Fall,Exercise Science,2
ESS-129,Fall,Exercise Science,3
ESS-130,Spring,Exercise Science,2
ESS-210,Fall,Exercise Science,1
ETST-100,Fall,Exercise Science,15
ETST-100,Spring,Exercise Science,11
ETST-100,Summer,Exercise Science,5
ETST-110,Summer,Anatomy and Physiology,1
ETST-120,Summer,Exercise Science,2
ETST-201,Fall,Microbiology and Infectious Disease,1
ETST-205,Fall,Exercise Science,5
ETST-205,Spring,Health Promotion,3
ETST-240,Fall,Anatomy and Physiology,3
ETST-240,Summer,Exercise Science,1
ETST-242,Spring,Health Promotion,1
ETST-250,Fall,Behavioral and Cognitive Neuroscience,3
ETST-252,Fall,Anatomy and Physiology,2
ETST-252,Summer,Health Promotion,2
ETST-253,Fall,Exercise Science,2
ETST-253,Summer,Anatomy and Physiology,1
ETST-255,Fall,Health Promotion,1
ETST-255,Spring,Exercise Science,2
ETST-257,Fall,Exercise Science,1
ETST-260,Spring,Environmental and Public Health,1
ETST-265,Fall,Exercise Science,2
ETST-270,Fall,Exercise Science,1
ETST-277,Fall,Health Promotion,2
ETST-305,Fall,Anatomy and Physiology,1
ETST-354,Fall,Anatomy and Physiology,1
ETST-420,Fall,Exercise Science,2
ETST-430,Spring,Microbiology and Infectious Disease,1
ETST-444,Spring,Anatomy and Physiology,1
F-101,Fall,Exercise Science,2
F-209,Fall,Exercise Science,1
F-313,Spring,Exercise Science,2
FACS-320,Fall,Health Promotion,5
FACS-320,Summer,Exercise Science,2
FIN-200,Fall,Health Promotion,12
FIN-200,Spring,Health Promotion,8
FIN-300,Fall,Health Promotion,1
FIN-300,Summer,Anatomy and Physiology,1
FIN-305,Fall,Exercise Science,2
FIN-305,Spring,Exercise Science,4
FIN-305,Summer,Anatomy and Physiology,1
FIN-310,Spring,Health Promotion,1
FSHN-115,Fall,Anatomy and Physiology,10
FSHN-115,Spring,Exercise Science,11
FSHN-125,Fall,Exercise Science,7
FSHN-125,Spring,Exercise Science,4
FSHN-125,Summer,Anatomy and Physiology,1
FSHN-150,Fall,Exercise Science,377
FSHN-150,Spring,Exercise Science,217
FSHN-150,Summer,Exercise Science,23
FSHN-180A2,Fall,Anatomy and Physiology,10
FSHN-192,Fall,Exercise Science,2
FSHN-220,Fall,Exercise Science,26
FSHN-292,Fall,Exercise Science,1
FSHN-300,Fall,Environmental and Public Health,1
FSHN-300,Spring,Exercise Science,2
FSHN-301,Spring,Exercise Science,1
FSHN-340,Fall,Exercise Science,4
FSHN-340,Spring,Exercise Science,8
FSHN-342A,Summer,Health Promotion,2
FSHN-350,Fall,Anatomy and Physiology,19
FSHN-350,Spring,Anatomy and Physiology,28
FSHN-350,Summer,Exercise Science,9
FSHN-360,Spring,Health Promotion,1
FSHN-382A,Summer,Exercise Science,2
FSHN-428,Spring,Exercise Science,3
FSHN-435,Summer,Exercise Science,2
FSHN-444,Fall,Exercise Science,14
FSHN-444,Spring,Exercise Science,3
FSHN-444,Summer,Exercise Science,2
FSHN-445,Fall,Exercise Science,1
FSHN-449,Fall,Exercise Science,3
FSHN-451,Fall,Exercise Science,2
FSHN-453,Spring,Exercise Science,2
FSHN-455,Fall,Anatomy and Physiology,2
FSHN-459,Fall,Exercise Science,15
FSHN-461,Fall,Exercise Science,1
FSHN-470,Spring,Behavioral and Cognitive Neuroscience,1
FSHN-480A1,Spring,Exercise Science,1
FSHN-486B,Fall,Exercise Science,1
FSHN-525,Fall,Health Promotion,1
FTEC-110,Spring,Cell and Molecular Neuroscience,2
FTEC-110,Summer,Health Promotion,1
FTEC-115,Fall,Anatomy and Physiology,2
FTEC-115,Spring,Exercise Science,2
FTEC-155,Fall,Exercise Science,1
FTEC-205,Fall,Exercise Science,1
FTEC-210,Fall,Anatomy and Physiology,2
FTEC-292,Fall,Health Promotion,1
FTEC-360,Spring,Microbiology and Infectious Disease,2
FTEC-400,Fall,Environmental and Public Health,15
FTEC-400,Spring,Environmental and Public Health,4
FTEC-574,Spring,Microbiology and Infectious Disease,2
FW-104,Fall,Exercise Science,5
FW-104,Spring,Health Promotion,3
FW-179,Fall,Exercise Science,2
FW-179,Spring,Health Promotion,2
FW-380A1,Fall,Exercise Science,2
GEOL-110,Fall,Exercise Science,2
GEOL-110,Summer,Exercise Science,1
GEOL-120,Fall,Health Promotion,3
GEOL-120,Spring,Exercise Science,5
GEOL-121,Fall,Health Promotion,3
GEOL-121,Spring,Exercise Science,5
GEOL-122,Fall,Exercise Science,2
GEOL-122,Spring,Health Promotion,2
GEOL-124,Fall,Anatomy and Physiology,1
GEOL-150,Fall,Environmental and Public Health,2
GEOL-154,Spring,Environmental and Public Health,2
GEOL-192,Fall,Exercise Science,1
GEOL-250,Spring,Environmental and Public Health,2
GES-101,Fall,Health Promotion,2
GES-101,Spring,Exercise Science,2
GES-120,Spring,Environmental and Public Health,1
GES-141,Fall,Health Promotion,2
GES-280A2,Fall,Microbiology and Infectious Disease,1
GES-465,Fall,Environmental and Public Health,1
GR-100,Fall,Health Promotion,3
GR-100,Spring,Environmental and Public Health,1
GR-100,Summer,Health Promotion,1
GR-102,Fall,Exercise Science,3
GR-213,Spring,Anatomy and Physiology,2
GR-217,Fall,Microbiology and Infectious Disease,1
GR-348,Fall,Anatomy and Physiology,1
GRAD-544,Fall,Anatomy and Physiology,1
GRAD-544,Spring,Microbiology and Infectious Disease,4
GRAD-592,Fall,Environmental and Public Health,1
HDFS-101,Fall,Health Promotion,39
HDFS-101,Spring,Health Promotion,29
HDFS-101,Summer,Exercise Science,8
HDFS-201,Fall,Health Promotion,2
HDFS-201,Spring,Anatomy and Physiology,1
HDFS-201,Summer,Behavioral and Cognitive Neuroscience,1
HDFS-217,Fall,Exercise Science,1
HDFS-217,Spring,Health Promotion,3
HDFS-250,Fall,Anatomy and Physiology,1
HDFS-250,Spring,Anatomy and Physiology,1
HDFS-275,Fall,Health Promotion,1
HDFS-277,Fall,Anatomy and Physiology,1
HDFS-277,Spring,Anatomy and Physiology,3
HDFS-310,Fall,Anatomy and Physiology,3
HDFS-310,Spring,Anatomy and Physiology,1
HDFS-310,Summer,Exercise Science,1
HDFS-311,Fall,Exercise Science,2
HDFS-311,Spring,Anatomy and Physiology,1
HDFS-312,Fall,Anatomy and Physiology,1
HDFS-312,Spring,Health Promotion,1
HDFS-315,Fall,Exercise Science,3
HDFS-315,Summer,Anatomy and Physiology,1
HDFS-332,Fall,Health Promotion,1
HDFS-332,Spring,Exercise Science,3
HDFS-334,Fall,Health Promotion,3
HDFS-334,Spring,Health Promotion,1
HDFS-372,Spring,Anatomy and Physiology,1
HDFS-403,Fall,Anatomy and Physiology,1
HDFS-470A,Fall,Microbiology and Infectious Disease,2
HDFS-470A,Spring,Anatomy and Physiology,4
HDFS-484,Spring,Anatomy and Physiology,1
HDFS-497B,Fall,Other,1
HDFS-497C,Spring,Anatomy and Physiology,3
HDFS-497F,Fall,Anatomy and Physiology,1
HDFS-498A,Fall,Anatomy and Physiology,2
HDFS-498A,Spring,Anatomy and Physiology,3
HES-127,Fall,Exercise Science,23
HES-127,Spring,Health Promotion,1
HES-145,Fall,Exercise Science,612
HES-145,Spring,Exercise Science,118
HES-145,Summer,Health Promotion,14
HES-180A1,Fall,Exercise Science,8
HES-202,Fall,Exercise Science,230
HES-202,Spring,Exercise Science,327
HES-202,Summer,Exercise Science,14
HES-207,Fall,Exercise Science,650
HES-207,Spring,Exercise Science,496
HES-207,Summer,Health Promotion,44
HES-232,Fall,Health Promotion,99
HES-232,Spring,Health Promotion,72
HES-300,Fall,Health Promotion,65
HES-300,Spring,Health Promotion,78
HES-300,Summer,Health Promotion,17
HES-303,Fall,Health Promotion,97
HES-303,Spring,Health Promotion,65
HES-303,Summer,Health Promotion,1
HES-307,Fall,Exercise Science,68
HES-307,Spring,Exercise Science,39
HES-307,Summer,Exercise Science,23
HES-309,Fall,Health Promotion,20
HES-319,Fall,Exercise Science,180
HES-319,Spring,Exercise Science,154
HES-319,Summer,Exercise Science,4
HES-340,Fall,Exercise Science,318
HES-340,Spring,Exercise Science,226
HES-340,Summer,Health Promotion,42
HES-345,Fall,Exercise Science,165
HES-345,Spring,Exercise Science,163
HES-345,Summer,Exercise Science,32
HES-354,Fall,Health Promotion,128
HES-354,Spring,Health Promotion,86
HES-354,Summer,Health Promotion,1
HES-355,Spring,Health Promotion,1
HES-360,Fall,Health Promotion,17
HES-379,Fall,Health Promotion,3
HES-379,Spring,Health Promotion,55
HES-386,Fall,Health Promotion,84
HES-386,Spring,Health Promotion,131
HES-386,Summer,Health Promotion,50
HES-403,Fall,Exercise Science,98
HES-403,Spring,Exercise Science,79
HES-403,Summer,Exercise Science,27
HES-404,Fall,Exercise Science,107
HES-404,Spring,Exercise Science,79
HES-404,Summer,Exercise Science,5
HES-419,Fall,Health Promotion,40
HES-420,Fall,Health Promotion,44
HES-420,Spring,Health Promotion,28
HES-432,Fall,Health Promotion,32
HES-432,Spring,Health Promotion,51
HES-434,Fall,Health Promotion,71
HES-434,Spring,Health Promotion,35
HES-440,Spring,Exercise Science,5
HES-455,Fall,Health Promotion,67
HES-455,Spring,Health Promotion,10
HES-478A,Fall,Exercise Science,9
HES-478A,Spring,Exercise Science,5
HES-478B,Fall,Exercise Science,1
HES-478C,Fall,Exercise Science,11
HES-478C,Spring,Exercise Science,3
HES-478C,Summer,Exercise Science,1
HES-478D,Fall,Exercise Science,5
HES-480A2,Fall,Health Promotion,13
HES-480A3,Spring,Health Promotion,6
HES-480A4,Fall,Health Promotion,14
HES-484,Fall,Exercise Science,8
HES-484,Spring,Exercise Science,5
HES-486,Fall,Health Promotion,126
HES-486,Spring,Health Promotion,53
HES-486,Summer,Health Promotion,14
HES-487,Fall,Health Promotion,7
HES-487,Summer,Other,1
HES-495A,Fall,Exercise Science,5
HES-495A,Spring,Anatomy and Physiology,2
HES-495C,Fall,Health Promotion,1
HIST-100,Fall,Exercise Science,25
HIST-100,Spring,Exercise Science,21
HIST-100,Summer,Health Promotion,5
HIST-101,Fall,Exercise Science,13
HIST-101,Spring,Exercise Science,10
HIST-101,Summer,Health Promotion,3
HIST-115,Fall,Exercise Science,1
HIST-115,Spring,Health Promotion,2
HIST-116,Fall,Anatomy and Physiology,2
HIST-120,Fall,Exercise Science,5
HIST-120,Spring,Anatomy and Physiology,3
HIST-121,Spring,Exercise Science,6
HIST-121,Summer,Behavioral and Cognitive Neuroscience,1
HIST-150,Fall,Exercise Science,20
HIST-150,Spring,Exercise Science,12
HIST-150,Summer,Exercise Science,5
HIST-151,Fall,Exercise Science,57
HIST-151,Spring,Exercise Science,47
HIST-151,Summer,Exercise Science,7
HIST-170,Fall,Exercise Science,4
HIST-170,Spring,Exercise Science,4
HIST-171,Fall,Exercise Science,12
HIST-171,Spring,Exercise Science,9
HIST-171,Summer,Anatomy and Physiology,1
HIST-201,Fall,Health Promotion,2
HIST-250,Fall,Exercise Science,1
HIST-255,Spring,Exercise Science,1
HIST-301,Fall,Anatomy and Physiology,1
HIST-309,Spring,Anatomy and Physiology,1
HIST-311,Fall,Exercise Science,1
HIST-317,Fall,Behavioral and Cognitive Neuroscience,1
HIST-318,Fall,Anatomy and Physiology,1
HIST-338,Spring,Anatomy and Physiology,1
HIST-345,Spring,Exercise Science,1
HIST-349,Fall,Health Promotion,1
HIST-351,Fall,Anatomy and Physiology,1
HIST-355,Fall,Exercise Science,1
HIST-355,Summer,Exercise Science,1
HIST-359,Summer,Behavioral and Cognitive Neuroscience,1
HIST-366,Spring,Anatomy and Physiology,1
HIST-370,Spring,Anatomy and Physiology,1
HIST-431,Fall,Exercise Science,1
HONR-110,Fall,Anatomy and Physiology,46
HONR-192,Fall,Anatomy and Physiology,201
HONR-193,Fall,Exercise Science,1
HONR-193,Spring,Anatomy and Physiology,77
HONR-292A,Fall,Anatomy and Physiology,5
HONR-292A,Spring,Anatomy and Physiology,1
HONR-292B,Fall,Anatomy and Physiology,38
HONR-292B,Spring,Anatomy and Physiology,14
HONR-292B,Summer,Anatomy and Physiology,6
HONR-292C,Fall,Anatomy and Physiology,16
HONR-292C,Spring,Anatomy and Physiology,4
HONR-384,Fall,Exercise Science,1
HONR-384,Spring,Behavioral and Cognitive Neuroscience,1
HONR-392,Fall,Anatomy and Physiology,17
HONR-392,Spring,Anatomy and Physiology,12
HONR-392,Summer,Anatomy and Physiology,4
HONR-397,Fall,Health Promotion,1
HONR-397,Spring,Exercise Science,3
HONR-399,Fall,Anatomy and Physiology,13
HONR-399,Spring,Anatomy and Physiology,47
HONR-399,Summer,Anatomy and Physiology,1
HONR-492,Fall,Anatomy and Physiology,9
HONR-492,Spring,Exercise Science,13
HONR-492,Summer,Behavioral and Cognitive Neuroscience,2
HONR-499,Fall,Anatomy and Physiology,21
HONR-499,Spring,Anatomy and Physiology,5
HORT-100,Fall,Behavioral and Cognitive Neuroscience,2
HORT-100,Spring,Cell and Molecular Neuroscience,2
HORT-171,Fall,Anatomy and Physiology,6
HORT-260,Fall,Cell and Molecular Neuroscience,2
HORT-310,Spring,Cell and Molecular Neuroscience,1
HORT-345,Summer,Anatomy and Physiology,1
HORT-401,Fall,Anatomy and Physiology,1
HORT-462,Fall,Cell and Molecular Neuroscience,1
IDEA-110,Fall,Anatomy and Physiology,1
IDEA-210,Fall,Exercise Science,2
IDEA-210,Spring,Other,2
IDEA-210,Summer,Anatomy and Physiology,5
IE-116,Fall,Anatomy and Physiology,2
IE-149A,Fall,Anatomy and Physiology,1
IE-182A,Fall,Anatomy and Physiology,1
IE-200,Fall,Health Promotion,6
IE-200,Spring,Exercise Science,4
IE-252A,Spring,Cell and Molecular Neuroscience,1
IE-252B,Spring,Exercise Science,3
IE-270,Spring,Health Promotion,1
IE-282B,Fall,Health Promotion,1
IE-382G,Spring,Anatomy and Physiology,6
IE-387,Summer,Anatomy and Physiology,1
INST-179A,Fall,Anatomy and Physiology,1
INST-179B,Fall,Anatomy and Physiology,1
INST-179C,Fall,Anatomy and Physiology,1
INST-182B,Fall,Anatomy and Physiology,1
INST-200,Fall,Anatomy and Physiology,4
INST-200,Spring,Behavioral and Cognitive Neuroscience,1
INST-200,Summer,Anatomy and Physiology,1
INTD-110,Fall,Behavioral and Cognitive Neuroscience,1
INTD-110,Spring,Exercise Science,1
INTD-129,Fall,Exercise Science,1
INTD-129,Spring,Behavioral and Cognitive Neuroscience,1
INTD-129,Summer,Exercise Science,2
INTD-166,Spring,Exercise Science,4
INTD-359,Spring,Microbiology and Infectious Disease,1
IU-170,Fall,Anatomy and Physiology,2
IU-170,Spring,Exercise Science,4
IU-171,Spring,Exercise Science,4
IU-172,Fall,Anatomy and Physiology,14
IU-172,Spring,Exercise Science,1
IU-172A,Fall,Anatomy and Physiology,15
IU-172A,Spring,Exercise Science,2
IU-173B,Fall,Exercise Science,5
IU-173B,Spring,Behavioral and Cognitive Neuroscience,2
IU-173C,Fall,Environmental and Public Health,1
IU-173C,Spring,Anatomy and Physiology,1
IU-174B,Fall,Exercise Science,6
IU-174B,Spring,Behavioral and Cognitive Neuroscience,2
IU-174D,Fall,Environmental and Public Health,1
IU-180A2,Spring,Environmental and Public Health,1
IU-180A6,Spring,Cell and Molecular Neuroscience,1
IU-180A7,Fall,Anatomy and Physiology,1
IU-181A5,Summer,Anatomy and Physiology,1
IU-270,Fall,Anatomy and Physiology,2
IU-270,Summer,Health Promotion,1
IU-271,Spring,Anatomy and Physiology,2
IU-271,Summer,Health Promotion,1
IU-274,Fall,Anatomy and Physiology,13
IU-274,Spring,Anatomy and Physiology,9
IU-300,Fall,Behavioral and Cognitive Neuroscience,2
IU-300,Spring,Microbiology and Infectious Disease,1
IU-470,Fall,Anatomy and Physiology,2
IU-471,Spring,Anatomy and Physiology,2
IU-498,Fall,Anatomy and Physiology,1
JTC-100,Fall,Exercise Science,9
JTC-100,Spring,Health Promotion,3
JTC-100,Summer,Exercise Science,1
JTC-192,Fall,Exercise Science,1
JTC-203,Fall,Health Promotion,1
JTC-210,Fall,Exercise Science,9
JTC-210,Spring,Exercise Science,2
JTC-211,Fall,Microbiology and Infectious Disease,2
JTC-211,Spring,Exercise Science,4
JTC-270,Fall,Exercise Science,2
JTC-300,Fall,Anatomy and Physiology,12
JTC-300,Spring,Anatomy and Physiology,27
JTC-300,Summer,Anatomy and Physiology,4
JTC-301,Fall,Microbiology and Infectious Disease,1
JTC-301,Spring,Anatomy and Physiology,3
JTC-301,Summer,Exercise Science,1
JTC-326,Spring,Microbiology and Infectious Disease,1
JTC-350,Fall,Microbiology and Infectious Disease,1
JTC-354,Fall,Microbiology and Infectious Disease,1
JTC-490,Fall,Exercise Science,1
KEY-175,Fall,Anatomy and Physiology,6
KEY-192A,Fall,Exercise Science,1
KEY-192A,Spring,Exercise Science,22
KEY-192B,Fall,Exercise Science,2
KEY-192C,Fall,Exercise Science,14
KEY-272,Fall,Exercise Science,3
LAND-110,Fall,Health Promotion,3
LAND-110,Spring,Health Promotion,3
LAND-220,Fall,Anatomy and Physiology,1
LARA-250,Fall,Anatomy and Physiology,1
LASL-100,Fall,Exercise Science,6
LASL-100,Spring,Anatomy and Physiology,4
LASL-101,Fall,Anatomy and Physiology,4
LASL-101,Spring,Microbiology and Infectious Disease,2
LASL-200,Fall,Microbiology and Infectious Disease,2
LASL-200,Spring,Anatomy and Physiology,4
LASL-201,Fall,Anatomy and Physiology,4
LASL-201,Spring,Anatomy and Physiology,1
LASL-304,Fall,Microbiology and Infectious Disease,2
LASL-347,Spring,Anatomy and Physiology,1
LB-173,Fall,Anatomy and Physiology,4
LB-173,Spring,Anatomy and Physiology,3
LB-205,Spring,Anatomy and Physiology,1
LB-300,Fall,Anatomy and Physiology,6
LB-300,Spring,Anatomy and Physiology,10
LB-360,Spring,Anatomy and Physiology,1
LCHI-100,Fall,Behavioral and Cognitive Neuroscience,1
LCHI-101,Spring,Health Promotion,1
LCHI-200,Fall,Health Promotion,1
LCHI-201,Spring,Health Promotion,1
LCHI-304,Fall,Behavioral and Cognitive Neuroscience,1
LCHI-305,Spring,Behavioral and Cognitive Neuroscience,1
LCHI-380A1,Fall,Behavioral and Cognitive Neuroscience,1
LCHI-400,Spring,Behavioral and Cognitive Neuroscience,1
LCHI-480A1,Spring,Health Promotion,1
LFRE-100,Fall,Anatomy and Physiology,4
LFRE-100,Spring,Anatomy and Physiology,4
LFRE-101,Fall,Anatomy and Physiology,2
LFRE-101,Spring,Exercise Science,4
LFRE-200,Fall,Exercise Science,2
LFRE-200,Spring,Anatomy and Physiology,1
LFRE-201,Fall,Microbiology and Infectious Disease,1
LFRE-201,Spring,Exercise Science,1
LFRE-251,Spring,Microbiology and Infectious Disease,1
LFRE-300,Fall,Anatomy and Physiology,1
LFRE-300,Spring,Behavioral and Cognitive Neuroscience,1
LFRE-301,Fall,Anatomy and Physiology,1
LFRE-313,Fall,Anatomy and Physiology,1
LFRE-335,Spring,Anatomy and Physiology,1
LFRE-365,Fall,Anatomy and Physiology,1
LFRE-400,Spring,Anatomy and Physiology,1
LFRE-433A,Fall,Anatomy and Physiology,1
LGEN-465E,Spring,Anatomy and Physiology,1
LGER-100,Fall,Behavioral and Cognitive Neuroscience,2
LGER-100,Spring,Anatomy and Physiology,2
LGER-101,Fall,Anatomy and Physiology,2
LGER-101,Spring,Exercise Science,2
LGER-251,Fall,Anatomy and Physiology,4
LGER-251,Spring,Anatomy and Physiology,1
LGER-345,Fall,Cell and Molecular Neuroscience,1
LGER-400,Fall,Cell and Molecular Neuroscience,1
LGER-434,Spring,Cell and Molecular Neuroscience,1
LIFE-102,Fall,Exercise Science,1112
LIFE-102,Spring,Exercise Science,126
LIFE-102,Summer,Exercise Science,8
LIFE-103,Fall,Exercise Science,70
LIFE-103,Spring,Exercise Science,105
LIFE-162,Fall,Anatomy and Physiology,16
LIFE-201B,Fall,Anatomy and Physiology,3
LIFE-201B,Spring,Behavioral and Cognitive Neuroscience,86
LIFE-201B,Summer,Anatomy and Physiology,4
LIFE-202B,Spring,Behavioral and Cognitive Neuroscience,11
LIFE-203,Spring,Behavioral and Cognitive Neuroscience,185
LIFE-205,Fall,Anatomy and Physiology,2
LIFE-205,Spring,Exercise Science,1
LIFE-205,Summer,Exercise Science,1
LIFE-206,Fall,Exercise Science,3
LIFE-210,Fall,Anatomy and Physiology,291
LIFE-210,Spring,Anatomy and Physiology,6
LIFE-210,Summer,Anatomy and Physiology,42
LIFE-211,Fall,Anatomy and Physiology,13
LIFE-212,Fall,Anatomy and Physiology,522
LIFE-212,Spring,Anatomy and Physiology,30
LIFE-320,Fall,Microbiology and Infectious Disease,4
LIFE-320,Spring,Exercise Science,2
LITA-200,Fall,Cell and Molecular Neuroscience,1
LITA-201,Spring,Health Promotion,1
LJPN-100,Fall,Anatomy and Physiology,2
LJPN-101,Spring,Anatomy and Physiology,2
LJPN-200,Fall,Anatomy and Physiology,6
LJPN-201,Spring,Anatomy and Physiology,2
LJPN-304,Fall,Anatomy and Physiology,1
LJPN-305,Spring,Anatomy and Physiology,1
LJPN-352A,Summer,Anatomy and Physiology,1
LKOR-100,Fall,Anatomy and Physiology,8
LKOR-101,Spring,Anatomy and Physiology,6
LKOR-200,Fall,Anatomy and Physiology,2
LKOR-201,Spring,Behavioral and Cognitive Neuroscience,2
LKOR-300,Fall,Behavioral and Cognitive Neuroscience,1
LRUS-100,Fall,Microbiology and Infectious Disease,1
LSPA-100,Fall,Anatomy and Physiology,2
LSPA-100,Spring,Cell and Molecular Neuroscience,2
LSPA-101,Fall,Anatomy and Physiology,6
LSPA-101,Spring,Anatomy and Physiology,8
LSPA-108,Spring,Anatomy and Physiology,2
LSPA-108,Summer,Anatomy and Physiology,3
LSPA-200,Fall,Anatomy and Physiology,11
LSPA-200,Spring,Exercise Science,5
LSPA-201,Fall,Anatomy and Physiology,9
LSPA-201,Spring,Anatomy and Physiology,9
LSPA-208,Spring,Microbiology and Infectious Disease,1
LSPA-300,Fall,Anatomy and Physiology,12
LSPA-300,Spring,Anatomy and Physiology,7
LSPA-300,Summer,Anatomy and Physiology,2
LSPA-301,Fall,Exercise Science,4
LSPA-301,Spring,Anatomy and Physiology,7
LSPA-310,Fall,Anatomy and Physiology,3
LSPA-310,Spring,Anatomy and Physiology,4
LSPA-313,Fall,Anatomy and Physiology,1
LSPA-313,Spring,Behavioral and Cognitive Neuroscience,1
LSPA-326,Fall,Behavioral and Cognitive Neuroscience,1
LSPA-335,Fall,Anatomy and Physiology,3
LSPA-335,Spring,Anatomy and Physiology,3
LSPA-340,Fall,Anatomy and Physiology,10
LSPA-342,Spring,Anatomy and Physiology,10
LSPA-343,Fall,Anatomy and Physiology,8
LSPA-345,Spring,Anatomy and Physiology,1
LSPA-346,Fall,Anatomy and Physiology,2
LSPA-346,Spring,Anatomy and Physiology,2
LSPA-346,Summer,Anatomy and Physiology,4
LSPA-348,Spring,Anatomy and Physiology,4
LSPA-400,Fall,Anatomy and Physiology,7
LSPA-400,Spring,Anatomy and Physiology,1
LSPA-436,Fall,Anatomy and Physiology,1
LSPA-443,Fall,Anatomy and Physiology,1
LSPA-444,Spring,Anatomy and Physiology,3
LSPA-495,Summer,Exercise Science,1
MATH-101,Fall,Health Promotion,10
MATH-101,Spring,Other,6
MATH-101,Summer,Exercise Science,1
MATH-105,Fall,Microbiology and Infectious Disease,2
MATH-116,Fall,Exercise Science,16
MATH-116,Spring,Health Promotion,12
MATH-117,Fall,Exercise Science,171
MATH-117,Spring,Exercise Science,33
MATH-117,Summer,Health Promotion,6
MATH-118,Fall,Exercise Science,350
MATH-118,Spring,Exercise Science,82
MATH-118,Summer,Exercise Science,19
MATH-120,Fall,Exercise Science,17
MATH-120,Spring,Health Promotion,18
MATH-120,Summer,Exercise Science,3
MATH-124,Fall,Exercise Science,225
MATH-124,Spring,Exercise Science,154
MATH-124,Summer,Exercise Science,17
MATH-125,Fall,Exercise Science,202
MATH-125,Spring,Exercise Science,246
MATH-125,Summer,Health Promotion,40
MATH-126,Fall,Exercise Science,13
MATH-126,Spring,Cell and Molecular Neuroscience,11
MATH-126,Summer,Behavioral and Cognitive Neuroscience,3
MATH-127,Fall,Anatomy and Physiology,12
MATH-127,Spring,Exercise Science,4
MATH-141,Fall,Exercise Science,1
MATH-141,Spring,Anatomy and Physiology,2
MATH-151,Fall,Cell and Molecular Neuroscience,1
MATH-155,Fall,Anatomy and Physiology,112
MATH-155,Spring,Anatomy and Physiology,120
MATH-155,Summer,Anatomy and Physiology,22
MATH-160,Fall,Exercise Science,8
MATH-160,Spring,Exercise Science,12
MATH-160,Summer,Anatomy and Physiology,2
MATH-161,Fall,Cell and Molecular Neuroscience,20
MATH-161,Spring,Cell and Molecular Neuroscience,7
MATH-161,Summer,Cell and Molecular Neuroscience,2
MATH-192,Fall,Health Promotion,1
MATH-235,Spring,Cell and Molecular Neuroscience,1
MATH-255,Fall,Cell and Molecular Neuroscience,14
MATH-255,Spring,Cell and Molecular Neuroscience,8
MATH-261,Fall,Anatomy and Physiology,3
MATH-261,Spring,Exercise Science,2
MATH-271,Fall,Microbiology and Infectious Disease,1
MATH-340,Spring,Anatomy and Physiology,5
MATH-348,Fall,Cell and Molecular Neuroscience,2
MATH-369,Fall,Anatomy and Physiology,2
MATH-369,Spring,Behavioral and Cognitive Neuroscience,1
MATH-369,Summer,Cell and Molecular Neuroscience,1
MATH-384,Spring,Cell and Molecular Neuroscience,1
MATH-455,Fall,Behavioral and Cognitive Neuroscience,1
MECH-103,Fall,Exercise Science,6
MECH-103,Spring,Exercise Science,4
MECH-105,Fall,Exercise Science,1
MECH-105,Spring,Exercise Science,2
MECH-180A1,Fall,Behavioral and Cognitive Neuroscience,1
MECH-200A,Fall,Anatomy and Physiology,1
MECH-200A,Spring,Exercise Science,2
MECH-200B,Fall,Anatomy and Physiology,1
MECH-200B,Spring,Exercise Science,2
MECH-201,Fall,Anatomy and Physiology,2
MECH-201,Spring,Exercise Science,2
MECH-202,Spring,Environmental and Public Health,2
MECH-231,Fall,Anatomy and Physiology,2
MECH-231,Spring,Exercise Science,2
MECH-262,Spring,Exercise Science,1
MECH-324,Spring,Anatomy and Physiology,2
MECH-325,Fall,Anatomy and Physiology,1
MECH-337,Spring,Anatomy and Physiology,2
MECH-342,Summer,Anatomy and Physiology,1
MGT-301,Fall,Anatomy and Physiology,1
MGT-305,Fall,Anatomy and Physiology,3
MGT-305,Spring,Exercise Science,4
MGT-305,Summer,Exercise Science,4
MGT-320,Fall,Anatomy and Physiology,1
MGT-330,Fall,Health Promotion,2
MGT-330,Spring,Behavioral and Cognitive Neuroscience,1
MGT-340,Fall,Exercise Science,2
MGT-340,Spring,Health Promotion,1
MGT-360,Fall,Behavioral and Cognitive Neuroscience,1
MGT-375,Spring,Anatomy and Physiology,1
MGT-376,Spring,Anatomy and Physiology,1
MGT-377,Spring,Anatomy and Physiology,1
MGT-411,Fall,Anatomy and Physiology,1
MGT-420,Fall,Behavioral and Cognitive Neuroscience,1
MGT-476,Spring,Anatomy and Physiology,1
MGT-478,Fall,Anatomy and Physiology,1
MGT-486A,Spring,Anatomy and Physiology,2
MGT-486B,Fall,Anatomy and Physiology,2
MIP-101,Fall,Anatomy and Physiology,1
MIP-101,Spring,Microbiology and Infectious Disease,4
MIP-150,Fall,Microbiology and Infectious Disease,74
MIP-150,Spring,Microbiology and Infectious Disease,59
MIP-192,Fall,Environmental and Public Health,1
MIP-250,Fall,Microbiology and Infectious Disease,121
MIP-250,Summer,Microbiology and Infectious Disease,30
MIP-260,Spring,Microbiology and Infectious Disease,127
MIP-270,Fall,Microbiology and Infectious Disease,17
MIP-280A4,Fall,Microbiology and Infectious Disease,2
MIP-281A1,Fall,Microbiology and Infectious Disease,2
MIP-292,Fall,Environmental and Public Health,1
MIP-292,Spring,Microbiology and Infectious Disease,3
MIP-298,Fall,Microbiology and Infectious Disease,3
MIP-298,Spring,Microbiology and Infectious Disease,4
MIP-300,Fall,Microbiology and Infectious Disease,104
MIP-300,Spring,Anatomy and Physiology,74
MIP-300,Summer,Anatomy and Physiology,14
MIP-302,Fall,Microbiology and Infectious Disease,102
MIP-302,Spring,Anatomy and Physiology,59
MIP-302,Summer,Anatomy and Physiology,3
MIP-303,Fall,Microbiology and Infectious Disease,30
MIP-303,Spring,Anatomy and Physiology,5
MIP-315,Fall,Microbiology and Infectious Disease,21
MIP-315,Spring,Environmental and Public Health,1
MIP-334,Spring,Microbiology and Infectious Disease,1
MIP-342,Fall,Microbiology and Infectious Disease,46
MIP-342,Spring,Microbiology and Infectious Disease,154
MIP-342,Summer,Microbiology and Infectious Disease,14
MIP-343,Spring,Microbiology and Infectious Disease,45
MIP-351,Spring,Microbiology and Infectious Disease,24
MIP-352,Spring,Microbiology and Infectious Disease,16
MIP-355,Spring,Microbiology and Infectious Disease,12
MIP-372,Fall,Microbiology and Infectious Disease,9
MIP-380A2,Fall,Other,1
MIP-380A2,Spring,Microbiology and Infectious Disease,2
MIP-381A1,Fall,Microbiology and Infectious Disease,9
MIP-384,Fall,Microbiology and Infectious Disease,33
MIP-384,Spring,Microbiology and Infectious Disease,16
MIP-384,Summer,Microbiology and Infectious Disease,1
MIP-400A,Spring,Microbiology and Infectious Disease,1
MIP-400C,Fall,Microbiology and Infectious Disease,13
MIP-400H,Fall,Microbiology and Infectious Disease,9
MIP-401,Fall,Microbiology and Infectious Disease,6
MIP-401,Spring,Microbiology and Infectious Disease,21
MIP-401,Summer,Microbiology and Infectious Disease,6
MIP-410,Fall,Microbiology and Infectious Disease,9
MIP-420,Fall,Microbiology and Infectious Disease,51
MIP-425,Fall,Microbiology and Infectious Disease,13
MIP-443,Spring,Microbiology and Infectious Disease,8
MIP-450,Fall,Microbiology and Infectious Disease,63
MIP-462,Fall,Microbiology and Infectious Disease,12
MIP-495,Fall,Anatomy and Physiology,2
MIP-495,Spring,Anatomy and Physiology,2
MIP-496,Fall,Microbiology and Infectious Disease,13
MIP-498,Fall,Microbiology and Infectious Disease,7
MIP-498,Spring,Microbiology and Infectious Disease,4
MIP-525,Fall,Microbiology and Infectious Disease,3
MIP-533,Spring,Microbiology and Infectious Disease,4
MIP-542,Fall,Microbiology and Infectious Disease,1
MIP-550,Spring,Microbiology and Infectious Disease,7
MIP-554,Spring,Behavioral and Cognitive Neuroscience,1
MIP-651,Fall,Microbiology and Infectious Disease,1
MKT-300,Fall,Anatomy and Physiology,1
MKT-305,Fall,Health Promotion,74
MKT-305,Spring,Health Promotion,78
MKT-305,Summer,Health Promotion,13
MKT-307,Spring,Health Promotion,6
MKT-330,Fall,Environmental and Public Health,1
MKT-362,Fall,Exercise Science,1
MKT-363,Fall,Exercise Science,1
MKT-440,Spring,Anatomy and Physiology,1
MKT-492,Fall,Cell and Molecular Neuroscience,1
MLSC-101,Fall,Exercise Science,8
MLSC-102,Spring,Exercise Science,7
MLSC-196,Fall,Exercise Science,8
MLSC-197,Spring,Exercise Science,7
MLSC-201,Fall,Exercise Science,7
MLSC-202,Spring,Health Promotion,2
MLSC-296,Fall,Exercise Science,7
MLSC-297,Spring,Health Promotion,2
MLSC-301,Fall,Anatomy and Physiology,1
MLSC-302,Spring,Exercise Science,1
MLSC-357,Spring,Exercise Science,1
MLSC-396,Fall,Anatomy and Physiology,1
MLSC-397,Spring,Exercise Science,1
MLSC-401,Fall,Exercise Science,1
MLSC-402,Spring,Exercise Science,1
MLSC-496,Fall,Exercise Science,1
MLSC-497,Spring,Exercise Science,1
MU-100,Fall,Exercise Science,242
MU-100,Spring,Exercise Science,98
MU-100,Summer,Exercise Science,16
MU-110,Spring,Exercise Science,1
MU-111,Fall,Anatomy and Physiology,1
MU-111,Spring,Anatomy and Physiology,2
MU-111,Summer,Health Promotion,2
MU-117,Fall,Anatomy and Physiology,3
MU-118,Spring,Anatomy and Physiology,2
MU-127,Fall,Anatomy and Physiology,2
MU-128,Spring,Anatomy and Physiology,2
MU-131,Spring,Anatomy and Physiology,2
MU-132,Fall,Exercise Science,7
MU-132,Spring,Exercise Science,3
MU-132,Summer,Exercise Science,9
MU-133,Fall,Exercise Science,1
MU-133,Spring,Microbiology and Infectious Disease,2
MU-133,Summer,Cell and Molecular Neuroscience,1
MU-150,Fall,Anatomy and Physiology,2
MU-151B,Spring,Anatomy and Physiology,1
MU-159,Fall,Microbiology and Infectious Disease,1
MU-170D,Fall,Behavioral and Cognitive Neuroscience,2
MU-170D,Spring,Behavioral and Cognitive Neuroscience,1
MU-202,Fall,Exercise Science,4
MU-202,Spring,Microbiology and Infectious Disease,2
MU-204,Fall,Anatomy and Physiology,16
MU-205,Spring,Anatomy and Physiology,4
MU-206,Fall,Microbiology and Infectious Disease,3
MU-206,Spring,Anatomy and Physiology,1
MU-217,Fall,Anatomy and Physiology,2
MU-218,Spring,Anatomy and Physiology,2
MU-227,Fall,Anatomy and Physiology,2
MU-228,Spring,Anatomy and Physiology,2
MU-232,Spring,Health Promotion,1
MU-272C,Fall,Exercise Science,1
MU-272C,Spring,Exercise Science,1
MU-272E,Fall,Anatomy and Physiology,1
MU-272H,Fall,Anatomy and Physiology,2
MU-272H,Spring,Anatomy and Physiology,1
MU-272I,Fall,Exercise Science,3
MU-272I,Spring,Exercise Science,2
MU-272P,Fall,Anatomy and Physiology,2
MU-272P,Spring,Anatomy and Physiology,1
MU-272Q,Fall,Anatomy and Physiology,1
MU-272S,Fall,Microbiology and Infectious Disease,2
MU-272S,Spring,Microbiology and Infectious Disease,1
MU-272V,Fall,Exercise Science,1
MU-274A,Fall,Cell and Molecular Neuroscience,2
MU-274A,Spring,Cell and Molecular Neuroscience,1
MU-274F,Fall,Exercise Science,3
MU-274F,Spring,Exercise Science,2
MU-275S,Fall,Microbiology and Infectious Disease,1
MU-275T,Fall,Anatomy and Physiology,2
MU-275T,Spring,Anatomy and Physiology,2
MU-302,Fall,Anatomy and Physiology,2
MU-302,Spring,Anatomy and Physiology,1
MU-304,Fall,Microbiology and Infectious Disease,3
MU-304,Spring,Microbiology and Infectious Disease,2
MU-305,Fall,Anatomy and Physiology,2
MU-305,Spring,Anatomy and Physiology,1
MU-309,Fall,Exercise Science,3
MU-309,Spring,Cell and Molecular Neuroscience,2
MU-310,Fall,Cell and Molecular Neuroscience,3
MU-310,Spring,Cell and Molecular Neuroscience,2
MU-333,Spring,Exercise Science,1
MU-333,Summer,Exercise Science,2
MU-334,Fall,Anatomy and Physiology,1
MU-342,Fall,Behavioral and Cognitive Neuroscience,1
MU-400,Fall,Anatomy and Physiology,2
MU-400,Spring,Anatomy and Physiology,1
MU-404,Fall,Microbiology and Infectious Disease,2
MU-404,Spring,Anatomy and Physiology,1
MU-407,Fall,Exercise Science,1
MU-407,Spring,Exercise Science,1
MU-408,Fall,Anatomy and Physiology,6
MU-408,Spring,Microbiology and Infectious Disease,3
MU-465,Fall,Exercise Science,2
MU-472T,Fall,Anatomy and Physiology,1
MU-496I,Spring,Microbiology and Infectious Disease,3
NB-192,Fall,Behavioral and Cognitive Neuroscience,82
NB-292,Spring,Behavioral and Cognitive Neuroscience,31
NB-399,Fall,Cell and Molecular Neuroscience,20
NB-399,Spring,Behavioral and Cognitive Neuroscience,16
NB-493,Fall,Behavioral and Cognitive Neuroscience,17
NB-493,Spring,Behavioral and Cognitive Neuroscience,4
NB-495,Spring,Behavioral and Cognitive Neuroscience,1
NB-499,Fall,Behavioral and Cognitive Neuroscience,17
NB-499,Spring,Behavioral and Cognitive Neuroscience,4
NR-120A,Fall,Environmental and Public Health,2
NR-130,Fall,Exercise Science,5
NR-130,Spring,Environmental and Public Health,1
NR-150,Fall,Health Promotion,4
NR-150,Spring,Exercise Science,7
NR-192,Fall,Exercise Science,1
NR-193,Spring,Exercise Science,1
NR-300,Fall,Exercise Science,1
NR-300,Spring,Health Promotion,1
NR-320,Fall,Exercise Science,1
NR-320,Spring,Behavioral and Cognitive Neuroscience,1
NR-320,Summer,Neuroscience,1
NR-370,Spring,Anatomy and Physiology,1
NRRT-231,Fall,Microbiology and Infectious Disease,1
NRRT-250,Fall,Microbiology and Infectious Disease,1
NRRT-262,Fall,Microbiology and Infectious Disease,1
NRRT-270,Fall,Exercise Science,1
NRRT-270,Spring,Exercise Science,1
NRRT-280A3,Spring,Exercise Science,1
NRRT-280A4,Spring,Anatomy and Physiology,1
NRRT-280A5,Fall,Exercise Science,1
NRRT-320,Summer,Exercise Science,1
NRRT-350,Fall,Exercise Science,2
NRRT-351,Spring,Anatomy and Physiology,1
NRRT-372,Spring,Health Promotion,1
NRRT-495A,Spring,Behavioral and Cognitive Neuroscience,1
NRRT-495C,Fall,Behavioral and Cognitive Neuroscience,1
NSCI-170,Fall,Exercise Science,1
NSCI-193,Fall,Exercise Science,1
NSCI-193,Spring,Behavioral and Cognitive Neuroscience,1
OT-110,Fall,Exercise Science,12
OT-110,Spring,Health Promotion,5
OT-215,Fall,Exercise Science,150
OT-215,Spring,Exercise Science,89
OT-215,Summer,Exercise Science,14
OT-355,Fall,Exercise Science,8
OT-355,Spring,Exercise Science,5
PBHL-516,Fall,Health Promotion,2
PBHL-550,Fall,Exercise Science,2
PBHL-560,Fall,Environmental and Public Health,1
PBHL-570,Fall,Environmental and Public Health,1
PH-110,Fall,Environmental and Public Health,1
PH-110,Spring,Health Promotion,2
PH-111,Fall,Environmental and Public Health,1
PH-111,Spring,Health Promotion,2
PH-121,Fall,Anatomy and Physiology,423
PH-121,Spring,Exercise Science,411
PH-121,Summer,Anatomy and Physiology,21
PH-122,Fall,Exercise Science,77
PH-122,Spring,Anatomy and Physiology,279
PH-122,Summer,Cell and Molecular Neuroscience,12
PH-141,Fall,Anatomy and Physiology,12
PH-141,Spring,Cell and Molecular Neuroscience,17
PH-141,Summer,Anatomy and Physiology,3
PH-142,Fall,Cell and Molecular Neuroscience,12
PH-142,Spring,Cell and Molecular Neuroscience,11
PHIL-100,Fall,Exercise Science,29
PHIL-100,Spring,Exercise Science,13
PHIL-100,Summer,Anatomy and Physiology,1
PHIL-103,Fall,Anatomy and Physiology,25
PHIL-103,Spring,Anatomy and Physiology,11
PHIL-103,Summer,Exercise Science,2
PHIL-110,Fall,Exercise Science,26
PHIL-110,Spring,Exercise Science,12
PHIL-110,Summer,Cell and Molecular Neuroscience,2
PHIL-120,Fall,Anatomy and Physiology,3
PHIL-120,Spring,Anatomy and Physiology,1
PHIL-170,Fall,Anatomy and Physiology,8
PHIL-170,Spring,Exercise Science,5
PHIL-170,Summer,Exercise Science,1
PHIL-171,Fall,Neuroscience,1
PHIL-171,Spring,Behavioral and Cognitive Neuroscience,1
PHIL-172,Fall,Anatomy and Physiology,2
PHIL-172,Spring,Exercise Science,2
PHIL-174,Fall,Behavioral and Cognitive Neuroscience,1
PHIL-174,Spring,Exercise Science,1
PHIL-201,Spring,Health Promotion,1
PHIL-205,Fall,Exercise Science,1
PHIL-210,Fall,Anatomy and Physiology,2
PHIL-210,Spring,Other,1
PHIL-300,Fall,Anatomy and Physiology,1
PHIL-301,Spring,Cell and Molecular Neuroscience,1
PHIL-303,Spring,Environmental and Public Health,1
PHIL-322,Summer,Environmental and Public Health,1
PHIL-325,Spring,Environmental and Public Health,1
PHIL-326,Fall,Environmental and Public Health,1
PHIL-345,Fall,Exercise Science,1
PHIL-345,Summer,Environmental and Public Health,1
PHIL-354,Spring,Environmental and Public Health,1
PHIL-360,Spring,Exercise Science,1
PHIL-411,Fall,Cell and Molecular Neuroscience,1
PHIL-425,Spring,Cell and Molecular Neuroscience,1
PHIL-438,Fall,Cell and Molecular Neuroscience,1
PHIL-447,Spring,Cell and Molecular Neuroscience,1
PHIL-525,Spring,Environmental and Public Health,1
PLUG-100,Fall,Health Promotion,12
PLUG-100,Spring,Health Promotion,7
POLS-101,Fall,Exercise Science,5
POLS-101,Spring,Exercise Science,2
POLS-103,Fall,Anatomy and Physiology,1
POLS-103,Spring,Exercise Science,1
POLS-131,Fall,Exercise Science,23
POLS-131,Spring,Exercise Science,15
POLS-131,Summer,Health Promotion,5
POLS-160,Fall,Exercise Science,2
POLS-232,Fall,Exercise Science,9
POLS-232,Spring,Anatomy and Physiology,7
POLS-241,Fall,Anatomy and Physiology,3
POLS-241,Spring,Exercise Science,3
POLS-302,Fall,Exercise Science,1
PSY-100,Fall,Exercise Science,441
PSY-100,Spring,Exercise Science,107
PSY-100,Summer,Anatomy and Physiology,11
PSY-121,Summer,Exercise Science,1
PSY-152,Fall,Health Promotion,3
PSY-152,Spring,Anatomy and Physiology,3
PSY-192,Fall,Exercise Science,4
PSY-192,Spring,Exercise Science,5
PSY-210,Fall,Behavioral and Cognitive Neuroscience,2
PSY-210,Spring,Cell and Molecular Neuroscience,2
PSY-210,Summer,Behavioral and Cognitive Neuroscience,1
PSY-250,Fall,Behavioral and Cognitive Neuroscience,54
PSY-250,Spring,Behavioral and Cognitive Neuroscience,22
PSY-250,Summer,Behavioral and Cognitive Neuroscience,9
PSY-252,Fall,Behavioral and Cognitive Neuroscience,50
PSY-252,Spring,Behavioral and Cognitive Neuroscience,49
PSY-252,Summer,Exercise Science,11
PSY-260,Spring,Exercise Science,9
PSY-292B,Spring,Cell and Molecular Neuroscience,1
PSY-292C,Fall,Behavioral and Cognitive Neuroscience,2
PSY-292C,Spring,Cell and Molecular Neuroscience,1
PSY-295,Fall,Behavioral and Cognitive Neuroscience,1
PSY-300,Fall,Exercise Science,3
PSY-300,Spring,Behavioral and Cognitive Neuroscience,1
PSY-300,Summer,Exercise Science,2
PSY-305,Summer,Health Promotion,1
PSY-315,Fall,Cell and Molecular Neuroscience,1
PSY-315,Spring,Exercise Science,1
PSY-315,Summer,Exercise Science,2
PSY-316,Fall,Anatomy and Physiology,1
PSY-316,Spring,Cell and Molecular Neuroscience,1
PSY-317,Spring,Cell and Molecular Neuroscience,1
PSY-317,Summer,Exercise Science,1
PSY-320,Fall,Exercise Science,41
PSY-320,Spring,Exercise Science,21
PSY-320,Summer,Exercise Science,60
PSY-325,Fall,Behavioral and Cognitive Neuroscience,1
PSY-325,Spring,Exercise Science,4
PSY-325,Summer,Exercise Science,3
PSY-327,Summer,Behavioral and Cognitive Neuroscience,1
PSY-328,Fall,Anatomy and Physiology,2
PSY-328,Spring,Exercise Science,2
PSY-328,Summer,Exercise Science,1
PSY-340,Fall,Exercise Science,1
PSY-341,Fall,Exercise Science,1
PSY-345,Fall,Health Promotion,2
PSY-350,Fall,Cell and Molecular Neuroscience,3
PSY-350,Summer,Exercise Science,1
PSY-352,Fall,Behavioral and Cognitive Neuroscience,18
PSY-370,Summer,Behavioral and Cognitive Neuroscience,1
PSY-384,Fall,Anatomy and Physiology,1
PSY-384,Spring,Exercise Science,3
PSY-437,Fall,Behavioral and Cognitive Neuroscience,1
PSY-452,Fall,Behavioral and Cognitive Neuroscience,18
PSY-452,Spring,Behavioral and Cognitive Neuroscience,6
PSY-452,Summer,Behavioral and Cognitive Neuroscience,5
PSY-453,Spring,Behavioral and Cognitive Neuroscience,1
PSY-454,Fall,Behavioral and Cognitive Neuroscience,15
PSY-454,Spring,Behavioral and Cognitive Neuroscience,11
PSY-454,Summer,Behavioral and Cognitive Neuroscience,6
PSY-455,Fall,Behavioral and Cognitive Neuroscience,11
PSY-455,Spring,Behavioral and Cognitive Neuroscience,7
PSY-456,Fall,Exercise Science,1
PSY-456,Spring,Behavioral and Cognitive Neuroscience,10
PSY-456,Summer,Behavioral and Cognitive Neuroscience,5
PSY-457,Fall,Behavioral and Cognitive Neuroscience,1
PSY-457,Spring,Behavioral and Cognitive Neuroscience,7
PSY-457,Summer,Behavioral and Cognitive Neuroscience,4
PSY-458,Fall,Behavioral and Cognitive Neuroscience,24
PSY-458,Spring,Behavioral and Cognitive Neuroscience,9
PSY-458,Summer,Behavioral and Cognitive Neuroscience,3
PSY-459,Fall,Behavioral and Cognitive Neuroscience,19
PSY-459,Spring,Behavioral and Cognitive Neuroscience,7
PSY-459,Summer,Behavioral and Cognitive Neuroscience,1
PSY-460,Spring,Cell and Molecular Neuroscience,1
PSY-465,Fall,Behavioral and Cognitive Neuroscience,1
PSY-492A,Fall,Exercise Science,1
PSY-492A,Spring,Cell and Molecular Neuroscience,1
PSY-493,Fall,Cell and Molecular Neuroscience,1
PSY-495B,Fall,Exercise Science,1
PSY-496B,Fall,Behavioral and Cognitive Neuroscience,2
PSY-496B,Spring,Behavioral and Cognitive Neuroscience,1
REL-360,Fall,Health Promotion,1
REL-360,Spring,Health Promotion,1
REL-360,Summer,Exercise Science,1
REL-430,Spring,Health Promotion,1
RRM-101,Spring,Health Promotion,1
RRM-280A1,Fall,Health Promotion,1
RRM-400,Fall,Health Promotion,2
RRM-400,Spring,Exercise Science,2
SA-482,Fall,Exercise Science,11
SA-482,Spring,Exercise Science,7
SA-482,Summer,Anatomy and Physiology,4
SOC-100,Fall,Anatomy and Physiology,34
SOC-100,Spring,Anatomy and Physiology,22
SOC-100,Summer,Anatomy and Physiology,3
SOC-105,Fall,Anatomy and Physiology,9
SOC-105,Spring,Health Promotion,4
SOC-105,Summer,Microbiology and Infectious Disease,1
SOC-205,Fall,Exercise Science,12
SOC-205,Spring,Exercise Science,4
SOC-220,Fall,Exercise Science,7
SOC-220,Spring,Exercise Science,6
SOC-220,Summer,Health Promotion,3
SOC-253,Fall,Anatomy and Physiology,4
SOC-253,Spring,Exercise Science,3
SOC-270,Fall,Environmental and Public Health,1
SOC-271,Fall,Anatomy and Physiology,3
SOC-301,Spring,Microbiology and Infectious Disease,1
SOC-301,Summer,Behavioral and Cognitive Neuroscience,1
SOC-302,Fall,Anatomy and Physiology,3
SOC-311,Fall,Anatomy and Physiology,1
SOC-311,Summer,Behavioral and Cognitive Neuroscience,1
SOC-324,Fall,Health Promotion,1
SOC-333,Fall,Behavioral and Cognitive Neuroscience,1
SOC-334,Fall,Behavioral and Cognitive Neuroscience,1
SOC-344,Spring,Anatomy and Physiology,1
SOC-352,Fall,Behavioral and Cognitive Neuroscience,1
SOC-356,Spring,Behavioral and Cognitive Neuroscience,1
SOC-357,Fall,Anatomy and Physiology,1
SOC-358,Spring,Anatomy and Physiology,1
SOC-372,Fall,Behavioral and Cognitive Neuroscience,1
SOC-372,Spring,Anatomy and Physiology,1
SOC-482A,Summer,Anatomy and Physiology,1
SOC-482B,Summer,Anatomy and Physiology,1
SOCR-171,Fall,Anatomy and Physiology,2
SOCR-200,Fall,Exercise Science,1
SOCR-240,Spring,Exercise Science,2
SOCR-301,Fall,Anatomy and Physiology,1
SOCR-320,Spring,Anatomy and Physiology,1
SOCR-330,Fall,Anatomy and Physiology,138
SOCR-330,Spring,Anatomy and Physiology,137
SOCR-455,Fall,Microbiology and Infectious Disease,1
SOWK-120,Fall,Anatomy and Physiology,1
SOWK-150,Fall,Health Promotion,2
SOWK-150,Spring,Exercise Science,1
SPCM-100,Fall,Exercise Science,78
SPCM-100,Spring,Exercise Science,49
SPCM-100,Summer,Health Promotion,5
SPCM-130,Fall,Exercise Science,4
SPCM-130,Spring,Health Promotion,6
SPCM-200,Fall,Exercise Science,252
SPCM-200,Spring,Exercise Science,107
SPCM-200,Summer,Exercise Science,28
SPCM-201,Fall,Behavioral and Cognitive Neuroscience,5
SPCM-201,Spring,Anatomy and Physiology,1
SPCM-207,Fall,Health Promotion,1
SPCM-232,Spring,Exercise Science,1
SPCM-331,Spring,Microbiology and Infectious Disease,1
SPCM-334,Spring,Exercise Science,1
SPCM-337,Fall,Anatomy and Physiology,1
SPCM-341,Fall,Health Promotion,1
SPCM-342,Fall,Health Promotion,1
SPCM-350,Fall,Exercise Science,2
SPCM-350,Spring,Anatomy and Physiology,2
SPCM-357,Fall,Anatomy and Physiology,2
SPCM-358B,Spring,Anatomy and Physiology,2
SPCM-358C,Fall,Anatomy and Physiology,2
SPCM-408,Fall,Exercise Science,1
SPCM-486B,Spring,Health Promotion,1
SPMT-201,Fall,Health Promotion,4
SPMT-201,Spring,Health Promotion,5
SPMT-240,Fall,Health Promotion,5
SPMT-314,Spring,Health Promotion,3
SPMT-339,Fall,Health Promotion,2
SPMT-339,Spring,Health Promotion,2
SPMT-487,Fall,Health Promotion,1
SPMT-487,Spring,Health Promotion,1
SPMT-487,Summer,Health Promotion,1
STAR-511,Spring,Microbiology and Infectious Disease,1
STAT-100,Fall,Neuroscience,1
STAT-100,Spring,Health Promotion,2
STAT-158,Spring,Behavioral and Cognitive Neuroscience,1
STAT-158,Summer,Anatomy and Physiology,1
STAT-192,Fall,Health Promotion,1
STAT-201,Fall,Health Promotion,118
STAT-201,Spring,Health Promotion,82
STAT-201,Summer,Health Promotion,12
STAT-204,Fall,Anatomy and Physiology,4
STAT-204,Spring,Exercise Science,2
STAT-301,Fall,Anatomy and Physiology,95
STAT-301,Spring,Anatomy and Physiology,58
STAT-301,Summer,Exercise Science,26
STAT-302A,Fall,Exercise Science,2
STAT-307,Fall,Anatomy and Physiology,28
STAT-307,Spring,Anatomy and Physiology,44
STAT-307,Summer,Microbiology and Infectious Disease,1
STAT-315,Fall,Anatomy and Physiology,1
STAT-315,Spring,Cell and Molecular Neuroscience,3
STAT-331,Fall,Behavioral and Cognitive Neuroscience,1
STAT-341,Fall,Behavioral and Cognitive Neuroscience,1
STAT-342,Spring,Behavioral and Cognitive Neuroscience,1
STAT-384,Spring,Microbiology and Infectious Disease,1
STAT-420,Fall,Cell and Molecular Neuroscience,1
STAT-460,Spring,Cell and Molecular Neuroscience,1
STAT-495,Fall,Health Promotion,1
TH-141,Fall,Exercise Science,8
TH-141,Spring,Health Promotion,3
TH-141,Summer,Health Promotion,3
TH-400,Fall,Exercise Science,1
TH-400,Spring,Exercise Science,1
VMBS-100,Fall,Anatomy and Physiology,814
VMBS-101,Summer,Anatomy and Physiology,1
VMBS-165,Spring,Anatomy and Physiology,5
VMBS-180A1,Summer,Anatomy and Physiology,2
VMBS-180A2,Spring,Anatomy and Physiology,3
VMBS-192,Fall,Anatomy and Physiology,29
VMBS-480A1,Fall,Cell and Molecular Neuroscience,1
VS-331,Fall,Microbiology and Infectious Disease,3
VS-331,Spring,Anatomy and Physiology,4
VS-331,Summer,Microbiology and Infectious Disease,1
VS-333,Fall,Anatomy and Physiology,1
VS-333,Spring,Microbiology and Infectious Disease,1
VS-495,Fall,Anatomy and Physiology,6
VS-495,Spring,Microbiology and Infectious Disease,3
VS-533,Spring,Other,1
WR-204,Spring,Exercise Science,1
WS-200,Fall,Anatomy and Physiology,5
WS-200,Spring,Health Promotion,4
WS-270,Fall,Exercise Science,2
WS-397,Fall,Microbiology and Infectious Disease,1
WS-472,Spring,Anatomy and Physiology,1
WS-495,Spring,Exercise Science,2
